file_id	gold_project_id	file_name	file_type_description	file_size
540e31bc0d878503d1a0b662	Gp0061273	48902.assembled.fna	FASTA nucleotide sequence	32209488
53e2a0540d87856ba82b2829	Gp0061274	45824.assembled.fna	FASTA nucleotide sequence	128768461
53e29a3b0d87856ba82b27e8	Gp0061275	45825.assembled.fna	FASTA nucleotide sequence	3679140
53d880ca0d87856ba82afff1	Gp0061276	43178.assembled.fna	FASTA nucleotide sequence	7878520
53d880e40d87856ba82b002c	Gp0061277	43184.assembled.fna	FASTA nucleotide sequence	9513542
53d880dd0d87856ba82b001d	Gp0061278	43179.assembled.fna	FASTA nucleotide sequence	9006387
53d880c30d87856ba82affe3	Gp0061279	43180.assembled.fna	FASTA nucleotide sequence	7667965
53e29bd90d87856ba82b280f	Gp0061280	45826.assembled.fna	FASTA nucleotide sequence	15764197
548376070d87850ddcd6c5c3	Gp0061281	54359.assembled.fna	FASTA nucleotide sequence	14234169
53d880d70d87856ba82b000e	Gp0061282	43181.assembled.fna	FASTA nucleotide sequence	8609761
53e2966b0d87856ba82b27c5	Gp0061283	45827.assembled.fna	FASTA nucleotide sequence	500433
53d880bc0d87856ba82affd5	Gp0061284	43182.assembled.fna	FASTA nucleotide sequence	5080164
540e35940d878503d1a0b6af	Gp0061285	48903.assembled.fna	FASTA nucleotide sequence	63290654
53e29ad10d87856ba82b27f5	Gp0061286	45828.assembled.fna	FASTA nucleotide sequence	4248747
53d880cf0d87856ba82affff	Gp0061287	43183.assembled.fna	FASTA nucleotide sequence	8052905
540e29c40d878503d1a0b592	Gp0061288	48901.assembled.fna	FASTA nucleotide sequence	2386046
53e2999f0d87856ba82b27db	Gp0061289	45829.assembled.fna	FASTA nucleotide sequence	689901
540e2be20d878503d1a0b5d3	Gp0061291	48906.assembled.fna	FASTA nucleotide sequence	7598293
540e391a0d878503d1a0b6d6	Gp0061292	48905.assembled.fna	FASTA nucleotide sequence	104965783
53e29d660d87856ba82b281c	Gp0061293	45830.assembled.fna	FASTA nucleotide sequence	110632605
53e29b460d87856ba82b2802	Gp0061294	45831.assembled.fna	FASTA nucleotide sequence	6035188
5483b5a30d87850ddcd6c70e	Gp0061295	54388.assembled.fna	FASTA nucleotide sequence	48647908
543efbdd0d87852530dca901	Gp0061296	51513.assembled.fna	FASTA nucleotide sequence	33859307
54761d780d8785221c609b07	Gp0093306	54262.assembled.fna	FASTA nucleotide sequence	125320033
5498dc210d8785565d46e5f1	Gp0093307	55118.assembled.fna	FASTA nucleotide sequence	94557698
555dd8810d8785226a63d549	Gp0095966	61529.assembled.fna	FASTA nucleotide sequence	25600230
555df7b20d8785226a63d605	Gp0095967	61530.assembled.fna	FASTA nucleotide sequence	36771408
555df0d70d8785226a63d5c9	Gp0095968	61527.assembled.fna	FASTA nucleotide sequence	24015965
555df40a0d8785226a63d5eb	Gp0095969	61528.assembled.fna	FASTA nucleotide sequence	28221070
549283af0d8785565d46c599	Gp0095970	55023.assembled.fna	FASTA nucleotide sequence	29438201
5af0d97564d0b3374773e09e	Gp0095970	188301.assembled.fna	FASTA nucleotide sequence	39674798
54b5974b0d8785565d471b15	Gp0095971	56243.assembled.fna	FASTA nucleotide sequence	88548265
5518f7160d878525404e8dec	Gp0095971	59210.assembled.fna	FASTA nucleotide sequence	90946050
5af0ec3564d0b3374773e2e2	Gp0095971	188302.assembled.fna	FASTA nucleotide sequence	84225401
548587330d87850ddcd6c951	Gp0095972	55024.assembled.fna	FASTA nucleotide sequence	65524964
5af1281364d0b3374773e9b3	Gp0095972	188303.assembled.fna	FASTA nucleotide sequence	99792186
549355010d8785565d46c6ec	Gp0095973	55053.assembled.fna	FASTA nucleotide sequence	107252332
5af109fd64d0b3374773e5f5	Gp0095973	188304.assembled.fna	FASTA nucleotide sequence	121181630
5af44fd264d0b33747747dd9	Gp0108335	188315.assembled.fna	FASTA nucleotide sequence	100496223
5af0d91764d0b3374773e078	Gp0108340	188316.assembled.fna	FASTA nucleotide sequence	4324830
5af6f6bc64d0b3374774f9a5	Gp0108341	188317.assembled.fna	FASTA nucleotide sequence	578587021
5af0d80264d0b3374773e064	Gp0108342	188318.assembled.fna	FASTA nucleotide sequence	14317737
5af65c0764d0b3374774e559	Gp0108344	188319.assembled.fna	FASTA nucleotide sequence	553354926
5af575d964d0b3374774a402	Gp0108345	188320.assembled.fna	FASTA nucleotide sequence	298914547
5604ee310d87854d7418f2c8	Gp0111276	70941.assembled.fna	FASTA nucleotide sequence	860714248
5ad5e91c64d0b33747718353	Gp0111276	185795.assembled.fna	FASTA nucleotide sequence	343232080
5607ad800d878540fd6fb05e	Gp0111277	70962.assembled.fna	FASTA nucleotide sequence	1203883590
5ad71f6164d0b3374771932f	Gp0111277	185796.assembled.fna	FASTA nucleotide sequence	567627042
5604ab6a0d87854d7418f19a	Gp0111278	70942.assembled.fna	FASTA nucleotide sequence	641819042
5ad5e67f64d0b3374771832b	Gp0111278	185797.assembled.fna	FASTA nucleotide sequence	238417283
560423b50d87854d7418e6ff	Gp0111279	70943.assembled.fna	FASTA nucleotide sequence	610491342
5ad5e68964d0b3374771833e	Gp0111279	185798.assembled.fna	FASTA nucleotide sequence	246778717
5607dae70d878540fd6fb094	Gp0111280	70960.assembled.fna	FASTA nucleotide sequence	1251075216
5ad756e664d0b33747719445	Gp0111280	185799.assembled.fna	FASTA nucleotide sequence	623340463
5608063e0d878540fd6fb0c1	Gp0111281	70963.assembled.fna	FASTA nucleotide sequence	1303957224
5ad7652564d0b3374771949f	Gp0111281	185800.assembled.fna	FASTA nucleotide sequence	642826565
560487e30d87854d7418edbf	Gp0111282	70944.assembled.fna	FASTA nucleotide sequence	445586614
5ad5e4f064d0b33747718318	Gp0111282	185801.assembled.fna	FASTA nucleotide sequence	164197557
57247b2a7ded5e4fbeb81f6c	Gp0111284	83876.assembled.fna	FASTA nucleotide sequence	1265506821
56045a100d87854d7418e8ac	Gp0111285	70945.assembled.fna	FASTA nucleotide sequence	643672100
5ad5f79364d0b33747718413	Gp0111285	185802.assembled.fna	FASTA nucleotide sequence	276893363
560396130d8785306f96e9cb	Gp0111286	70940.assembled.fna	FASTA nucleotide sequence	617905536
5ad6ab0864d0b33747719081	Gp0111286	185803.assembled.fna	FASTA nucleotide sequence	290324699
5674f35f0d878518a8a3760e	Gp0111288	76335.assembled.fna	FASTA nucleotide sequence	518051716
5ad6ac6d64d0b337477190af	Gp0111288	185804.assembled.fna	FASTA nucleotide sequence	392152930
5606ac1e0d878540fd6fa817	Gp0111289	70961.assembled.fna	FASTA nucleotide sequence	550961885
5ad6aadb64d0b33747719066	Gp0111289	185805.assembled.fna	FASTA nucleotide sequence	302439517
56091c670d878540fd6fb21d	Gp0115664	71196.assembled.fna	FASTA nucleotide sequence	101443885
5af0f5b164d0b3374773e3f5	Gp0115664	187181.assembled.fna	FASTA nucleotide sequence	38810352
56090d440d878540fd6fb1fd	Gp0115675	71197.assembled.fna	FASTA nucleotide sequence	103290616
5af0f92d64d0b3374773e42e	Gp0115675	187182.assembled.fna	FASTA nucleotide sequence	42353452
5608ff060d878540fd6fb1dd	Gp0115673	71198.assembled.fna	FASTA nucleotide sequence	106369629
5af0f6d864d0b3374773e41b	Gp0115673	187183.assembled.fna	FASTA nucleotide sequence	48303223
5603c51e0d8785306f96ea13	Gp0115677	70188.assembled.fna	FASTA nucleotide sequence	631864725
5af4e9ab64d0b33747749cc5	Gp0115677	187184.assembled.fna	FASTA nucleotide sequence	225612014
561f134c0d878540fd704c99	Gp0115678	71481.assembled.fna	FASTA nucleotide sequence	455870746
5af9e01964d0b33747751f9c	Gp0115678	187185.assembled.fna	FASTA nucleotide sequence	158605974
561ef4000d878540fd704c34	Gp0115665	71480.assembled.fna	FASTA nucleotide sequence	430835931
5af1cbbb64d0b3374773fa02	Gp0115665	187186.assembled.fna	FASTA nucleotide sequence	147650400
56092ca90d878540fd6fb23d	Gp0115671	71199.assembled.fna	FASTA nucleotide sequence	141420646
5af1235864d0b3374773e949	Gp0115671	187187.assembled.fna	FASTA nucleotide sequence	56289527
56093ece0d878540fd6fb261	Gp0115666	71200.assembled.fna	FASTA nucleotide sequence	140100606
5af1399b64d0b3374773eb7d	Gp0115666	187188.assembled.fna	FASTA nucleotide sequence	61399393
560acb4d0d878540fd6fbda2	Gp0115669	71201.assembled.fna	FASTA nucleotide sequence	141474447
5af9dd2964d0b33747751f36	Gp0115669	187189.assembled.fna	FASTA nucleotide sequence	59811244
560ab92e0d878540fd6fbd39	Gp0115667	71202.assembled.fna	FASTA nucleotide sequence	131023510
5af9dcf564d0b33747751f10	Gp0115667	187190.assembled.fna	FASTA nucleotide sequence	56939111
5605485b0d87854d7418f3d3	Gp0115676	70953.assembled.fna	FASTA nucleotide sequence	249335785
5af1775764d0b3374773f253	Gp0115676	187191.assembled.fna	FASTA nucleotide sequence	89947685
5607597d0d878540fd6faeca	Gp0115668	70954.assembled.fna	FASTA nucleotide sequence	340558150
5af9dd1864d0b33747751f23	Gp0115668	187192.assembled.fna	FASTA nucleotide sequence	107487145
5605301e0d87854d7418f3a3	Gp0115663	70955.assembled.fna	FASTA nucleotide sequence	201037605
5af140ac64d0b3374773ec57	Gp0115663	187193.assembled.fna	FASTA nucleotide sequence	69796764
56076d470d878540fd6faf84	Gp0115670	70956.assembled.fna	FASTA nucleotide sequence	208793796
5af11b2864d0b3374773e85c	Gp0115670	187194.assembled.fna	FASTA nucleotide sequence	65082701
560785970d878540fd6fafd8	Gp0115672	70957.assembled.fna	FASTA nucleotide sequence	264928120
5af12baa64d0b3374773ea10	Gp0115672	187195.assembled.fna	FASTA nucleotide sequence	83127713
560518d70d87854d7418f364	Gp0115674	70952.assembled.fna	FASTA nucleotide sequence	189241899
5af1248664d0b3374773e96d	Gp0115674	187196.assembled.fna	FASTA nucleotide sequence	61813959
560409d20d8785306f96ea8c	Gp0115679	70189.assembled.fna	FASTA nucleotide sequence	622406705
5af44f6964d0b33747747daf	Gp0115679	187197.assembled.fna	FASTA nucleotide sequence	224253403
565df8df0d87851bf73629c2	Gp0115140	74361.assembled.fna	FASTA nucleotide sequence	2979987
565df8de0d87851bf73629b2	Gp0115142	74359.assembled.fna	FASTA nucleotide sequence	2983488
565df8f90d87851bf7362af7	Gp0115145	74449.assembled.fna	FASTA nucleotide sequence	2978055
565df8e70d87851bf7362a0e	Gp0115146	74396.assembled.fna	FASTA nucleotide sequence	3000805
565df8f50d87851bf7362ac2	Gp0115147	74433.assembled.fna	FASTA nucleotide sequence	2970051
565df8f60d87851bf7362ad1	Gp0115148	74435.assembled.fna	FASTA nucleotide sequence	2724226
565df8db0d87851bf736298d	Gp0115149	74354.assembled.fna	FASTA nucleotide sequence	2720515
565df8dd0d87851bf73629aa	Gp0115141	74358.assembled.fna	FASTA nucleotide sequence	2975010
565df8e50d87851bf73629f8	Gp0115203	74393.assembled.fna	FASTA nucleotide sequence	2807082
565df8dc0d87851bf73629a3	Gp0115204	74357.assembled.fna	FASTA nucleotide sequence	2818201
565df8de0d87851bf73629ba	Gp0115205	74360.assembled.fna	FASTA nucleotide sequence	2813899
565df8da0d87851bf7362985	Gp0115200	74353.assembled.fna	FASTA nucleotide sequence	3226512
56783b020d878518a8a37f6d	Gp0115160	75108.assembled.fna	FASTA nucleotide sequence	2625561
565df8eb0d87851bf7362a3e	Gp0115159	74397.assembled.fna	FASTA nucleotide sequence	2720177
56362f420d87852aea5e72dc	Gp0114941	73114.assembled.fna	FASTA nucleotide sequence	3819814
5654b7f90d878531d71e992a	Gp0115157	73166.assembled.fna	FASTA nucleotide sequence	3557550
5654b7f90d878531d71e9923	Gp0115195	73164.assembled.fna	FASTA nucleotide sequence	2765049
565df8e80d87851bf7362a16	Gp0115135	74398.assembled.fna	FASTA nucleotide sequence	4523477
565df8f70d87851bf7362ad8	Gp0115158	74436.assembled.fna	FASTA nucleotide sequence	2881716
565df8db0d87851bf7362994	Gp0114933	74355.assembled.fna	FASTA nucleotide sequence	3004262
565df8e50d87851bf73629ff	Gp0114934	74394.assembled.fna	FASTA nucleotide sequence	4157434
565df9030d87851bf7362b66	Gp0114939	74448.assembled.fna	FASTA nucleotide sequence	2060492
565df8da0d87851bf736297d	Gp0115201	73519.assembled.fna	FASTA nucleotide sequence	3159265
565df8d80d87851bf7362965	Gp0114940	73518.assembled.fna	FASTA nucleotide sequence	2353659
565df8e80d87851bf7362a1e	Gp0115129	74270.assembled.fna	FASTA nucleotide sequence	2997349
565df8f60d87851bf7362ac9	Gp0115137	74434.assembled.fna	FASTA nucleotide sequence	2702448
565df8e60d87851bf7362a07	Gp0115138	74395.assembled.fna	FASTA nucleotide sequence	2697445
56e0852c7ded5e7f7b92caaf	Gp0115198	78381.assembled.fna	FASTA nucleotide sequence	3981729
565df8df0d87851bf73629ca	Gp0115199	74362.assembled.fna	FASTA nucleotide sequence	4030966
5654b83b0d878531d71e9c31	Gp0115194	73520.assembled.fna	FASTA nucleotide sequence	3959350
565df8dc0d87851bf736299c	Gp0115197	74356.assembled.fna	FASTA nucleotide sequence	3936895
56e08c3a7ded5e7f7b92d454	Gp0114905	79457.assembled.fna	FASTA nucleotide sequence	3375364
56e08c367ded5e7f7b92d44d	Gp0114906	79456.assembled.fna	FASTA nucleotide sequence	4811163
55e22c760d878556782dae83	Gp0115954	67574.assembled.fna	FASTA nucleotide sequence	266747169
55e249e10d878556782daed3	Gp0115955	67571.assembled.fna	FASTA nucleotide sequence	359749107
5638d6570d8785618585cbae	Gp0115956	73565.assembled.fna	FASTA nucleotide sequence	417772919
55e285330d878556782daf68	Gp0115957	67573.assembled.fna	FASTA nucleotide sequence	627068930
5638be790d8785618585cb79	Gp0115958	73563.assembled.fna	FASTA nucleotide sequence	213497354
55e25eec0d878556782daef9	Gp0115959	67572.assembled.fna	FASTA nucleotide sequence	435984528
566ba7180d878518a8a31f93	Gp0119849	75103.assembled.fna	FASTA nucleotide sequence	20840654
5af9d60f64d0b33747751e17	Gp0119849	187327.assembled.fna	FASTA nucleotide sequence	14067471
565931d50d878531d71ed879	Gp0119850	74800.assembled.fna	FASTA nucleotide sequence	17486269
5af084cc64d0b3374773b727	Gp0119850	187328.assembled.fna	FASTA nucleotide sequence	11562275
569621240d87851ee972769e	Gp0119851	77337.assembled.fna	FASTA nucleotide sequence	23047624
5af0838764d0b3374773b687	Gp0119851	187329.assembled.fna	FASTA nucleotide sequence	18308576
565931d40d878531d71ed85d	Gp0119852	74798.assembled.fna	FASTA nucleotide sequence	13256496
5af081b164d0b3374773b5b5	Gp0119852	187330.assembled.fna	FASTA nucleotide sequence	10403447
566ba72f0d878518a8a3206f	Gp0119853	75179.assembled.fna	FASTA nucleotide sequence	41539142
5af9d60564d0b33747751e03	Gp0119853	187331.assembled.fna	FASTA nucleotide sequence	31768073
5674f3610d878518a8a3762a	Gp0119854	76336.assembled.fna	FASTA nucleotide sequence	35147355
5af0867364d0b3374773b96e	Gp0119854	187332.assembled.fna	FASTA nucleotide sequence	26855099
565243c30d878531d71e857b	Gp0119855	74793.assembled.fna	FASTA nucleotide sequence	38997965
5af086f764d0b3374773ba3a	Gp0119855	187333.assembled.fna	FASTA nucleotide sequence	27793423
565931c70d878531d71ed7d1	Gp0119856	74789.assembled.fna	FASTA nucleotide sequence	32724620
5af0a22164d0b3374773cb66	Gp0119856	187353.assembled.fna	FASTA nucleotide sequence	14822534
565931d10d878531d71ed825	Gp0119857	74792.assembled.fna	FASTA nucleotide sequence	21873037
5af0975564d0b3374773c31a	Gp0119857	187354.assembled.fna	FASTA nucleotide sequence	13732474
566ba71a0d878518a8a31fcb	Gp0119858	75105.assembled.fna	FASTA nucleotide sequence	14181131
5af08e0264d0b3374773bdb2	Gp0119858	187355.assembled.fna	FASTA nucleotide sequence	7588008
565931c80d878531d71ed7ed	Gp0119859	74790.assembled.fna	FASTA nucleotide sequence	16295998
5af08cd164d0b3374773bd72	Gp0119859	187356.assembled.fna	FASTA nucleotide sequence	8937572
565931d00d878531d71ed809	Gp0119860	74791.assembled.fna	FASTA nucleotide sequence	16361110
5af08df764d0b3374773bd9f	Gp0119860	187357.assembled.fna	FASTA nucleotide sequence	9202141
566ba7190d878518a8a31faf	Gp0119861	75104.assembled.fna	FASTA nucleotide sequence	12940945
5af08a6264d0b3374773bca5	Gp0119861	187358.assembled.fna	FASTA nucleotide sequence	6904201
56960d4f0d87851ee972767a	Gp0119862	77336.assembled.fna	FASTA nucleotide sequence	16053964
5af0904064d0b3374773bf9c	Gp0119862	187359.assembled.fna	FASTA nucleotide sequence	8975181
566ba72d0d878518a8a32053	Gp0119863	75178.assembled.fna	FASTA nucleotide sequence	15130464
5af08ba864d0b3374773bd4c	Gp0119863	187360.assembled.fna	FASTA nucleotide sequence	6448375
5674f35e0d878518a8a375f2	Gp0119864	76334.assembled.fna	FASTA nucleotide sequence	176338940
5af4413764d0b33747747ccb	Gp0119864	187361.assembled.fna	FASTA nucleotide sequence	205860325
5695a9ec0d87851ee9727570	Gp0119865	74799.assembled.fna	FASTA nucleotide sequence	548202275
5af4bd6964d0b337477491d8	Gp0119865	187362.assembled.fna	FASTA nucleotide sequence	340001035
56528ac40d878531d71e8651	Gp0119866	74797.assembled.fna	FASTA nucleotide sequence	554362845
5af4a3a264d0b33747748fe6	Gp0119866	187363.assembled.fna	FASTA nucleotide sequence	320846632
5695c07b0d87851ee97275c4	Gp0119867	75102.assembled.fna	FASTA nucleotide sequence	301826019
5af32ea864d0b33747744d6f	Gp0119867	187364.assembled.fna	FASTA nucleotide sequence	188633685
567e9f2b0d878518a8a3c40f	Gp0119868	77073.assembled.fna	FASTA nucleotide sequence	1532159893
5af6136f64d0b3374774ac00	Gp0119868	187365.assembled.fna	FASTA nucleotide sequence	559126200
5696716e0d87851ee9727728	Gp0119869	77333.assembled.fna	FASTA nucleotide sequence	37156980
5af0893764d0b3374773bc22	Gp0119869	187366.assembled.fna	FASTA nucleotide sequence	2845844
56ea1b5d7ded5e7f7b934161	Gp0119870	79183.assembled.fna	FASTA nucleotide sequence	369242240
5af3cc0c64d0b3374774718d	Gp0119870	187367.assembled.fna	FASTA nucleotide sequence	296669616
56ea0aab7ded5e7f7b93404f	Gp0119871	79181.assembled.fna	FASTA nucleotide sequence	378318423
5af3be3564d0b33747746f4d	Gp0119871	187368.assembled.fna	FASTA nucleotide sequence	261418284
576f2a927ded5e34d8294dd3	Gp0127623	90070.assembled.fna	FASTA nucleotide sequence	107574740
5af1803764d0b3374773f303	Gp0127623	187214.assembled.fna	FASTA nucleotide sequence	96644582
576fe9bc7ded5e34d8295874	Gp0127624	90068.assembled.fna	FASTA nucleotide sequence	163566117
5af3632264d0b33747745296	Gp0127624	187215.assembled.fna	FASTA nucleotide sequence	153681460
5773ab797ded5e34d8298bf3	Gp0127625	90072.assembled.fna	FASTA nucleotide sequence	260950206
5af516e564d0b33747749f0e	Gp0127625	187216.assembled.fna	FASTA nucleotide sequence	349888200
57775c467ded5e34bd909a3f	Gp0127626	90071.assembled.fna	FASTA nucleotide sequence	104819892
5af9e47a64d0b3374775203a	Gp0127626	187217.assembled.fna	FASTA nucleotide sequence	120415776
576ef0f07ded5e34d8294823	Gp0127627	90090.assembled.fna	FASTA nucleotide sequence	46837292
5af104c164d0b3374773e565	Gp0127627	187218.assembled.fna	FASTA nucleotide sequence	45665389
577232af7ded5e34d829847b	Gp0127628	90089.assembled.fna	FASTA nucleotide sequence	147598441
5af3846464d0b33747745e76	Gp0127628	187219.assembled.fna	FASTA nucleotide sequence	151098753
577028237ded5e34d8295bd3	Gp0127629	90067.assembled.fna	FASTA nucleotide sequence	184172054
5af4409664d0b33747747cb8	Gp0127629	187220.assembled.fna	FASTA nucleotide sequence	222127614
576f60f57ded5e34d82951f1	Gp0127630	90069.assembled.fna	FASTA nucleotide sequence	131579331
5af1852d64d0b3374773f389	Gp0127630	187221.assembled.fna	FASTA nucleotide sequence	102958112
57724e3b7ded5e34d8298569	Gp0127631	90066.assembled.fna	FASTA nucleotide sequence	203983740
5af4b46564d0b3374774912f	Gp0127631	187222.assembled.fna	FASTA nucleotide sequence	230125435
576f4f547ded5e34d829511d	Gp0127632	90080.assembled.fna	FASTA nucleotide sequence	130374173
5af9e70364d0b33747752080	Gp0127632	187223.assembled.fna	FASTA nucleotide sequence	139237286
57739f3d7ded5e34d8298bd0	Gp0127633	90065.assembled.fna	FASTA nucleotide sequence	229156145
5af9f86a64d0b33747752220	Gp0127633	187224.assembled.fna	FASTA nucleotide sequence	387875008
576fd5077ded5e34d8295737	Gp0127634	90088.assembled.fna	FASTA nucleotide sequence	159931458
5af1b63e64d0b3374773f7a7	Gp0127634	187225.assembled.fna	FASTA nucleotide sequence	134358397
577394c37ded5e34d8298baf	Gp0127635	90064.assembled.fna	FASTA nucleotide sequence	183147734
5af9f0a364d0b33747752197	Gp0127635	187226.assembled.fna	FASTA nucleotide sequence	229450912
576f190d7ded5e34d8294cfa	Gp0127636	90087.assembled.fna	FASTA nucleotide sequence	95452931
5af19c9064d0b3374773f59e	Gp0127636	187227.assembled.fna	FASTA nucleotide sequence	108248037
577008a07ded5e34d829597b	Gp0127637	90063.assembled.fna	FASTA nucleotide sequence	180207740
5af4988564d0b33747748797	Gp0127637	187228.assembled.fna	FASTA nucleotide sequence	251344487
576f955a7ded5e34d8295405	Gp0127638	90079.assembled.fna	FASTA nucleotide sequence	153452992
5af3c82c64d0b337477470fa	Gp0127638	187229.assembled.fna	FASTA nucleotide sequence	175004214
577036b17ded5e34d8295c2c	Gp0127639	90062.assembled.fna	FASTA nucleotide sequence	189943083
5af5001364d0b33747749e01	Gp0127639	187230.assembled.fna	FASTA nucleotide sequence	290675467
576f3c937ded5e34d8294f68	Gp0127640	90086.assembled.fna	FASTA nucleotide sequence	109395696
5af9e45964d0b33747752026	Gp0127640	187231.assembled.fna	FASTA nucleotide sequence	99749905
57901aff7ded5e31abaa034a	Gp0127641	92547.assembled.fna	FASTA nucleotide sequence	166563546
576f043c7ded5e34d8294a28	Gp0127642	90085.assembled.fna	FASTA nucleotide sequence	99643668
5af194b664d0b3374773f4f3	Gp0127642	187232.assembled.fna	FASTA nucleotide sequence	96362965
5770181a7ded5e34d8295abf	Gp0127643	90061.assembled.fna	FASTA nucleotide sequence	181034286
5af9eaa464d0b337477520c9	Gp0127643	187233.assembled.fna	FASTA nucleotide sequence	296656391
576e95ff7ded5e34d8293ddf	Gp0127644	90081.assembled.fna	FASTA nucleotide sequence	42119110
5af445f764d0b33747747d19	Gp0127644	187234.assembled.fna	FASTA nucleotide sequence	207216040
57723fbb7ded5e34d82984fe	Gp0127645	90060.assembled.fna	FASTA nucleotide sequence	95867910
5af35dca64d0b3374774521e	Gp0127645	187235.assembled.fna	FASTA nucleotide sequence	155691225
576f6f4b7ded5e34d82952a5	Gp0127646	90078.assembled.fna	FASTA nucleotide sequence	76456655
5af190bb64d0b3374773f493	Gp0127646	187236.assembled.fna	FASTA nucleotide sequence	89886474
576ee2977ded5e34d8294664	Gp0127647	90077.assembled.fna	FASTA nucleotide sequence	91044422
5af11fd864d0b3374773e8e5	Gp0127647	187237.assembled.fna	FASTA nucleotide sequence	63385945
576f7ca97ded5e34d829532c	Gp0127648	90084.assembled.fna	FASTA nucleotide sequence	136130184
5af3712b64d0b337477456c4	Gp0127648	187238.assembled.fna	FASTA nucleotide sequence	140683342
576ffab47ded5e34d8295922	Gp0127649	90076.assembled.fna	FASTA nucleotide sequence	171211457
5af403aa64d0b337477477bd	Gp0127649	187239.assembled.fna	FASTA nucleotide sequence	192433578
576fc2637ded5e34d829568a	Gp0127651	90075.assembled.fna	FASTA nucleotide sequence	163705070
5af1aae864d0b3374773f6d6	Gp0127651	187240.assembled.fna	FASTA nucleotide sequence	154569377
57705eb57ded5e34d8295ce2	Gp0127652	90083.assembled.fna	FASTA nucleotide sequence	189418108
5af9ec0e64d0b3374775210c	Gp0127652	187241.assembled.fna	FASTA nucleotide sequence	216085401
576ed06c7ded5e34d8294394	Gp0127653	90074.assembled.fna	FASTA nucleotide sequence	40186006
5af9da9564d0b33747751ed7	Gp0127653	187242.assembled.fna	FASTA nucleotide sequence	37225319
57704dc07ded5e34d8295c9b	Gp0127654	90082.assembled.fna	FASTA nucleotide sequence	177508808
5af9e62e64d0b33747752064	Gp0127654	187243.assembled.fna	FASTA nucleotide sequence	169710631
576fb35d7ded5e34d82955b4	Gp0127655	90073.assembled.fna	FASTA nucleotide sequence	160232927
5af3cc2364d0b337477471a0	Gp0127655	187244.assembled.fna	FASTA nucleotide sequence	178586450
576fa5c37ded5e34d82954d7	Gp0127656	90091.assembled.fna	FASTA nucleotide sequence	151804184
5af40ecf64d0b33747747894	Gp0127656	187245.assembled.fna	FASTA nucleotide sequence	194873892
5766c1c67ded5e34d828f64e	Gp0128139	89679.assembled.fna	FASTA nucleotide sequence	598125825
5ad6b92464d0b33747719187	Gp0128139	185806.assembled.fna	FASTA nucleotide sequence	272163863
5765e02d7ded5e34d828ef38	Gp0128140	89680.assembled.fna	FASTA nucleotide sequence	471647635
5ad6b8fc64d0b33747719174	Gp0128140	185807.assembled.fna	FASTA nucleotide sequence	228190475
57670ab37ded5e34d828f6d0	Gp0128141	89681.assembled.fna	FASTA nucleotide sequence	551940656
5ad6c70764d0b337477191cc	Gp0128141	185808.assembled.fna	FASTA nucleotide sequence	250485538
576606177ded5e34d828efe6	Gp0128142	89682.assembled.fna	FASTA nucleotide sequence	427332752
5ad5f63664d0b33747718400	Gp0128142	185809.assembled.fna	FASTA nucleotide sequence	240633787
5766e6bc7ded5e34d828f6a5	Gp0128143	89683.assembled.fna	FASTA nucleotide sequence	470789693
5ad5f4de64d0b337477183d9	Gp0128143	185810.assembled.fna	FASTA nucleotide sequence	222288254
57662fd97ded5e34d828f05b	Gp0128144	89684.assembled.fna	FASTA nucleotide sequence	442748130
5ad5f38f64d0b337477183c3	Gp0128144	185811.assembled.fna	FASTA nucleotide sequence	196925235
5905dfa67ded5e1e49fefff7	Gp0146713	126269.assembled.fna	FASTA nucleotide sequence	775576284
5797f7d57ded5e31abaa9861	Gp0146715	92711.assembled.fna	FASTA nucleotide sequence	443494
5797fa3e7ded5e31abaa9873	Gp0146716	92710.assembled.fna	FASTA nucleotide sequence	503127
57db137c7ded5e3135ba9655	Gp0146717	97105.assembled.fna	FASTA nucleotide sequence	1550036
5797fee27ded5e31abaa9886	Gp0146718	92712.assembled.fna	FASTA nucleotide sequence	2075663
5797fc907ded5e31abaa9881	Gp0146719	92713.assembled.fna	FASTA nucleotide sequence	1096794
57d3a9657ded5e3135ba28cc	Gp0153825	96877.assembled.fna	FASTA nucleotide sequence	67758442
5916bc447ded5e1e49004841	Gp0208384	130168.assembled.fna	FASTA nucleotide sequence	6681936
58348a797ded5e2d305b98b4	Gp0156925	101033.assembled.fna	FASTA nucleotide sequence	4174861
581bfe627ded5e427b7b9423	Gp0156924	99381.assembled.fna	FASTA nucleotide sequence	4871295
58348a817ded5e2d305b98bc	Gp0156926	101034.assembled.fna	FASTA nucleotide sequence	4288400
581bfe6b7ded5e427b7b942b	Gp0156922	99401.assembled.fna	FASTA nucleotide sequence	3642817
581bfe7f7ded5e427b7b943b	Gp0156920	99403.assembled.fna	FASTA nucleotide sequence	2815790
581bfe777ded5e427b7b9433	Gp0156921	99402.assembled.fna	FASTA nucleotide sequence	3638241
58d635e67ded5e7a2afc6106	Gp0208560	120488.assembled.fna	FASTA nucleotide sequence	1399256425
58cf3c397ded5e7a2afbca79	Gp0208561	120481.assembled.fna	FASTA nucleotide sequence	1748441942
58d0180d7ded5e7a2afbcbf3	Gp0208562	120486.assembled.fna	FASTA nucleotide sequence	1883883621
58ced66d7ded5e7a2afbc9df	Gp0208563	120487.assembled.fna	FASTA nucleotide sequence	1392109954
58d635f57ded5e7a2afc6116	Gp0208564	120489.assembled.fna	FASTA nucleotide sequence	1255701147
58cf2d3f7ded5e7a2afbca63	Gp0208565	120478.assembled.fna	FASTA nucleotide sequence	1796182778
58cee3cc7ded5e7a2afbca0b	Gp0208566	120491.assembled.fna	FASTA nucleotide sequence	1592702541
58cef1e57ded5e7a2afbca29	Gp0208567	120492.assembled.fna	FASTA nucleotide sequence	1645504829
58d636057ded5e7a2afc6126	Gp0208568	120490.assembled.fna	FASTA nucleotide sequence	1327128071
58cfe56f7ded5e7a2afbcb7b	Gp0208569	120483.assembled.fna	FASTA nucleotide sequence	2319851191
58d2fae37ded5e7a2afbeabf	Gp0208570	120493.assembled.fna	FASTA nucleotide sequence	6011126455
596dc8907ded5e5270ef9801	Gp0208570	141238.assembled.fna	FASTA nucleotide sequence	569227501
58d1e4d97ded5e7a2afbdedc	Gp0208571	120480.assembled.fna	FASTA nucleotide sequence	5224844246
596dc8967ded5e5270ef980e	Gp0208571	141239.assembled.fna	FASTA nucleotide sequence	572066625
58d939d17ded5e7a2afc7147	Gp0208572	121300.assembled.fna	FASTA nucleotide sequence	4105971069
596dd7fb7ded5e5270ef982a	Gp0208572	141236.assembled.fna	FASTA nucleotide sequence	812635475
58d7aa427ded5e7a2afc6ba5	Gp0208573	121299.assembled.fna	FASTA nucleotide sequence	3529765521
596dd8b97ded5e5270ef983a	Gp0208573	141237.assembled.fna	FASTA nucleotide sequence	848571719
59fd620d7ded5e41c30656fd	Gp0225767	160072.assembled.fna	FASTA nucleotide sequence	3371062880
59ffe6067ded5e41c3065cd6	Gp0225768	160574.assembled.fna	FASTA nucleotide sequence	3612862836
59fd20347ded5e41c3064c0d	Gp0225769	160107.assembled.fna	FASTA nucleotide sequence	2970386159
59fd599d7ded5e41c3065652	Gp0225770	160091.assembled.fna	FASTA nucleotide sequence	3415990697
59fd3fde7ded5e41c30654a5	Gp0225771	160108.assembled.fna	FASTA nucleotide sequence	3483086236
59e753237ded5e372ecc37c1	Gp0225772	155485.assembled.fna	FASTA nucleotide sequence	3482861371
59fd207a7ded5e41c3064c26	Gp0225773	160127.assembled.fna	FASTA nucleotide sequence	2966166060
5a038bd47ded5e41c3067590	Gp0225774	161050.assembled.fna	FASTA nucleotide sequence	3108175889
5a00cd0a7ded5e41c3065e98	Gp0225775	160573.assembled.fna	FASTA nucleotide sequence	3055869608
5a0410d67ded5e41c3067b5f	Gp0225776	161057.assembled.fna	FASTA nucleotide sequence	2856885854
59fccb8c7ded5e41c3064a34	Gp0225777	160068.assembled.fna	FASTA nucleotide sequence	3190850346
59fd99157ded5e41c306593e	Gp0225778	160121.assembled.fna	FASTA nucleotide sequence	3581154385
59b4f85d7ded5e2f18676b7d	Gp0225779	150861.assembled.fna	FASTA nucleotide sequence	2682354582
59e70b1e7ded5e372ecc2d50	Gp0225780	155466.assembled.fna	FASTA nucleotide sequence	3259795694
59fd215b7ded5e41c3064c39	Gp0225781	160126.assembled.fna	FASTA nucleotide sequence	3078106807
5a04c2fb7ded5e41c3068080	Gp0225782	161047.assembled.fna	FASTA nucleotide sequence	3116137684
59b4f0a47ded5e2f18676aa7	Gp0225783	150865.assembled.fna	FASTA nucleotide sequence	2960724941
59e5aa977ded5e372ecbe9fc	Gp0225784	155456.assembled.fna	FASTA nucleotide sequence	3121180547
59b634607ded5e2f18678bb3	Gp0225785	150866.assembled.fna	FASTA nucleotide sequence	3113579039
5a04febf7ded5e41c30681f1	Gp0225786	161055.assembled.fna	FASTA nucleotide sequence	3788808577
59b4ee9b7ded5e2f18676a6c	Gp0225787	150863.assembled.fna	FASTA nucleotide sequence	2845574546
59d3e28a7ded5e58f983b22d	Gp0225788	155455.assembled.fna	FASTA nucleotide sequence	1670412568
59e5aefa7ded5e372ecbea23	Gp0225789	155492.assembled.fna	FASTA nucleotide sequence	2686894382
59e597af7ded5e372ecbe95d	Gp0225790	155454.assembled.fna	FASTA nucleotide sequence	2695979720
59b4dfab7ded5e2f186768e3	Gp0225791	150860.assembled.fna	FASTA nucleotide sequence	2759754894
59e6c13a7ded5e372ecc09fd	Gp0225792	155471.assembled.fna	FASTA nucleotide sequence	2868632852
5a0854bc7ded5e41c306ae6c	Gp0225793	161649.assembled.fna	FASTA nucleotide sequence	3359961207
5a051cfb7ded5e41c306829e	Gp0225794	161058.assembled.fna	FASTA nucleotide sequence	3477180166
59c3fd1f7ded5e2f1868b812	Gp0225046	152877.assembled.fna	FASTA nucleotide sequence	9089313
59ca2a4b7ded5e2f1869020b	Gp0225047	152872.assembled.fna	FASTA nucleotide sequence	6581528
59ca43db7ded5e2f18690514	Gp0225048	152895.assembled.fna	FASTA nucleotide sequence	7887827
59ca1ab57ded5e2f1868fb81	Gp0225049	152894.assembled.fna	FASTA nucleotide sequence	5805874
59c3f1837ded5e2f1868b6f5	Gp0225050	152893.assembled.fna	FASTA nucleotide sequence	7502409
59c3d2c97ded5e2f1868b5df	Gp0225051	152900.assembled.fna	FASTA nucleotide sequence	5892050
59ca02527ded5e2f1868f4a8	Gp0225052	152898.assembled.fna	FASTA nucleotide sequence	3999726
59ca45117ded5e2f18690526	Gp0225054	152902.assembled.fna	FASTA nucleotide sequence	8096171
59ca2bb37ded5e2f18690222	Gp0225055	152909.assembled.fna	FASTA nucleotide sequence	6945909
59ca793b7ded5e2f1869095c	Gp0225056	152888.assembled.fna	FASTA nucleotide sequence	11886499
59ca17a77ded5e2f1868f927	Gp0225057	152890.assembled.fna	FASTA nucleotide sequence	6186121
59ca1bea7ded5e2f1868fc66	Gp0225058	152911.assembled.fna	FASTA nucleotide sequence	6173322
59ca09937ded5e2f1868f543	Gp0225059	152915.assembled.fna	FASTA nucleotide sequence	4680632
59ca474f7ded5e2f1869056d	Gp0225060	152899.assembled.fna	FASTA nucleotide sequence	8223767
59ca100a7ded5e2f1868f625	Gp0225061	152903.assembled.fna	FASTA nucleotide sequence	5502574
59ca0d2d7ded5e2f1868f575	Gp0225062	152889.assembled.fna	FASTA nucleotide sequence	4705406
59ca3e3e7ded5e2f18690460	Gp0225063	152886.assembled.fna	FASTA nucleotide sequence	7800603
59ca26897ded5e2f186901a8	Gp0225064	152912.assembled.fna	FASTA nucleotide sequence	6474566
59ca30277ded5e2f186902ab	Gp0225065	152856.assembled.fna	FASTA nucleotide sequence	7384289
59c429ca7ded5e2f1868ba29	Gp0225066	152850.assembled.fna	FASTA nucleotide sequence	12663934
59ca51de7ded5e2f1869065a	Gp0225067	152864.assembled.fna	FASTA nucleotide sequence	9510676
59ca49b17ded5e2f186905b0	Gp0225068	152866.assembled.fna	FASTA nucleotide sequence	8893058
59ca60c87ded5e2f18690758	Gp0225069	152873.assembled.fna	FASTA nucleotide sequence	10782876
59ca25487ded5e2f1869015a	Gp0225070	152881.assembled.fna	FASTA nucleotide sequence	6998313
59ca93c07ded5e2f18690a09	Gp0225071	152855.assembled.fna	FASTA nucleotide sequence	15039821
59ca179d7ded5e2f1868f90f	Gp0225072	152857.assembled.fna	FASTA nucleotide sequence	5842136
59ca5a2e7ded5e2f186906f2	Gp0225073	152860.assembled.fna	FASTA nucleotide sequence	9346835
59c3ea2c7ded5e2f1868b6bb	Gp0225074	152913.assembled.fna	FASTA nucleotide sequence	7694470
59c3f3bc7ded5e2f1868b75e	Gp0225075	152868.assembled.fna	FASTA nucleotide sequence	7914174
59ca7fc57ded5e2f186909b0	Gp0225076	152874.assembled.fna	FASTA nucleotide sequence	12853786
59ca0d367ded5e2f1868f587	Gp0225077	152875.assembled.fna	FASTA nucleotide sequence	5067010
59c270897ded5e2f1868ab4b	Gp0225078	152636.assembled.fna	FASTA nucleotide sequence	4463461
59ca38147ded5e2f18690376	Gp0225079	152852.assembled.fna	FASTA nucleotide sequence	7399233
59c3d0af7ded5e2f1868b5cd	Gp0225080	152858.assembled.fna	FASTA nucleotide sequence	5351278
59c430e77ded5e2f1868ba86	Gp0225081	152862.assembled.fna	FASTA nucleotide sequence	15411166
59c9ff847ded5e2f1868f431	Gp0225082	152884.assembled.fna	FASTA nucleotide sequence	3670402
59ca59987ded5e2f186906e0	Gp0225083	152876.assembled.fna	FASTA nucleotide sequence	10109486
59ca53067ded5e2f1869067c	Gp0225084	152896.assembled.fna	FASTA nucleotide sequence	9369246
59ca541a7ded5e2f1869068e	Gp0225085	152891.assembled.fna	FASTA nucleotide sequence	9727043
59c3c3287ded5e2f1868b55e	Gp0225086	152854.assembled.fna	FASTA nucleotide sequence	2621609
59c411c67ded5e2f1868b971	Gp0225087	152853.assembled.fna	FASTA nucleotide sequence	11357320
59ca6e2e7ded5e2f186908c5	Gp0225088	152871.assembled.fna	FASTA nucleotide sequence	11027971
59c9ff7a7ded5e2f1868f420	Gp0225089	152863.assembled.fna	FASTA nucleotide sequence	3689276
59ca7c7f7ded5e2f18690975	Gp0225090	152879.assembled.fna	FASTA nucleotide sequence	12395922
59c3fac17ded5e2f1868b7ff	Gp0225091	152883.assembled.fna	FASTA nucleotide sequence	8357292
59ca1a3e7ded5e2f1868fb21	Gp0225092	152633.assembled.fna	FASTA nucleotide sequence	5789633
59ca242e7ded5e2f1869006c	Gp0225093	152851.assembled.fna	FASTA nucleotide sequence	6471806
59ca29bd7ded5e2f186901f9	Gp0225094	152861.assembled.fna	FASTA nucleotide sequence	6834891
59ca90727ded5e2f186909e4	Gp0225095	152869.assembled.fna	FASTA nucleotide sequence	12914266
59ca97317ded5e2f18690a47	Gp0225096	152907.assembled.fna	FASTA nucleotide sequence	13556783
59ca4b887ded5e2f186905d2	Gp0225097	152887.assembled.fna	FASTA nucleotide sequence	9031844
59c3c9dc7ded5e2f1868b599	Gp0225098	152878.assembled.fna	FASTA nucleotide sequence	4621392
59ca90887ded5e2f186909f6	Gp0225099	152880.assembled.fna	FASTA nucleotide sequence	14098214
59ca4e637ded5e2f18690620	Gp0225100	152635.assembled.fna	FASTA nucleotide sequence	9457144
59ca05c57ded5e2f1868f4f5	Gp0225101	152892.assembled.fna	FASTA nucleotide sequence	4608130
59c4269c7ded5e2f1868ba0f	Gp0225102	152885.assembled.fna	FASTA nucleotide sequence	13091459
59c401dd7ded5e2f1868b83e	Gp0225103	152904.assembled.fna	FASTA nucleotide sequence	9645459
59ca2db37ded5e2f18690255	Gp0225104	152849.assembled.fna	FASTA nucleotide sequence	7307508
59c3c7c87ded5e2f1868b585	Gp0225105	152859.assembled.fna	FASTA nucleotide sequence	4128747
59c406d97ded5e2f1868b8d2	Gp0225106	152870.assembled.fna	FASTA nucleotide sequence	9899713
59c285e27ded5e2f1868abd9	Gp0225107	152637.assembled.fna	FASTA nucleotide sequence	13212468
59ca97447ded5e2f18690a59	Gp0225108	152630.assembled.fna	FASTA nucleotide sequence	14997122
59c3deb67ded5e2f1868b65d	Gp0225109	152865.assembled.fna	FASTA nucleotide sequence	6791205
59ca46287ded5e2f18690538	Gp0225110	152622.assembled.fna	FASTA nucleotide sequence	8777445
59ca104b7ded5e2f1868f64b	Gp0225111	152882.assembled.fna	FASTA nucleotide sequence	5519201
59ca5d907ded5e2f18690732	Gp0225112	152624.assembled.fna	FASTA nucleotide sequence	9945456
59ca14247ded5e2f1868f7cb	Gp0225113	152617.assembled.fna	FASTA nucleotide sequence	5404087
59ca578f7ded5e2f186906c5	Gp0225114	152625.assembled.fna	FASTA nucleotide sequence	10004773
59ca71ef7ded5e2f186908f2	Gp0225115	152634.assembled.fna	FASTA nucleotide sequence	12586115
59ca5eea7ded5e2f18690744	Gp0225116	152632.assembled.fna	FASTA nucleotide sequence	10766521
59c283a67ded5e2f1868abc0	Gp0225117	152628.assembled.fna	FASTA nucleotide sequence	10735770
59ca39a47ded5e2f186903ce	Gp0225118	152626.assembled.fna	FASTA nucleotide sequence	7140204
59ca3d7c7ded5e2f18690447	Gp0225119	152905.assembled.fna	FASTA nucleotide sequence	7768091
59ca6dd87ded5e2f186908b3	Gp0225120	152901.assembled.fna	FASTA nucleotide sequence	11626207
59c276137ded5e2f1868ab64	Gp0225121	152618.assembled.fna	FASTA nucleotide sequence	5912052
59c27a877ded5e2f1868ab7b	Gp0225122	152620.assembled.fna	FASTA nucleotide sequence	9084828
59ca56777ded5e2f186906b3	Gp0225123	152627.assembled.fna	FASTA nucleotide sequence	9876468
59ca99657ded5e2f18690a91	Gp0225124	152906.assembled.fna	FASTA nucleotide sequence	14342244
59ca75977ded5e2f18690908	Gp0225125	152631.assembled.fna	FASTA nucleotide sequence	11675430
59c27f097ded5e2f1868ab90	Gp0225126	152629.assembled.fna	FASTA nucleotide sequence	9398344
59ca4d447ded5e2f186905f6	Gp0225127	152616.assembled.fna	FASTA nucleotide sequence	9228517
59c281857ded5e2f1868aba9	Gp0225128	152619.assembled.fna	FASTA nucleotide sequence	10113747
59ca93e77ded5e2f18690a1b	Gp0225129	152623.assembled.fna	FASTA nucleotide sequence	12879003
59c287117ded5e2f1868abeb	Gp0225130	152621.assembled.fna	FASTA nucleotide sequence	18111822
59ca36627ded5e2f18690345	Gp0225131	152897.assembled.fna	FASTA nucleotide sequence	7576865
59c9fb497ded5e2f1868f3a2	Gp0225132	152848.assembled.fna	FASTA nucleotide sequence	2379320
59ca7c927ded5e2f18690987	Gp0225133	152867.assembled.fna	FASTA nucleotide sequence	13003600
59c3d7b47ded5e2f1868b616	Gp0225134	152908.assembled.fna	FASTA nucleotide sequence	6224660
59ca097f7ded5e2f1868f532	Gp0225135	152910.assembled.fna	FASTA nucleotide sequence	4888604
59c3d9a97ded5e2f1868b627	Gp0225136	152914.assembled.fna	FASTA nucleotide sequence	6278536
59ca27ab7ded5e2f186901b9	Gp0225138	152952.assembled.fna	FASTA nucleotide sequence	6731975
59c57c537ded5e2f1868c707	Gp0225139	153248.assembled.fna	FASTA nucleotide sequence	9305096
59c5653f7ded5e2f1868c646	Gp0225140	153258.assembled.fna	FASTA nucleotide sequence	8751996
59c517dc7ded5e2f1868c278	Gp0225141	153245.assembled.fna	FASTA nucleotide sequence	3350803
59c419fe7ded5e2f1868b9a8	Gp0225142	152960.assembled.fna	FASTA nucleotide sequence	11419230
59c5adbd7ded5e2f1868c9fe	Gp0225143	153246.assembled.fna	FASTA nucleotide sequence	12283441
59c5132e7ded5e2f1868c251	Gp0225144	153257.assembled.fna	FASTA nucleotide sequence	2128397
59ca1f857ded5e2f1868fe09	Gp0225146	152953.assembled.fna	FASTA nucleotide sequence	6547699
59c4045e7ded5e2f1868b85b	Gp0225147	152967.assembled.fna	FASTA nucleotide sequence	9547518
59c3e5b07ded5e2f1868b698	Gp0225148	152969.assembled.fna	FASTA nucleotide sequence	7120889
59c3eca97ded5e2f1868b6cd	Gp0225149	152972.assembled.fna	FASTA nucleotide sequence	7034775
59c59f9c7ded5e2f1868c955	Gp0225150	153237.assembled.fna	FASTA nucleotide sequence	11900437
59c3c0397ded5e2f1868b54d	Gp0225151	152948.assembled.fna	FASTA nucleotide sequence	1938931
59c550447ded5e2f1868c549	Gp0225152	153235.assembled.fna	FASTA nucleotide sequence	7851327
59c3c4e77ded5e2f1868b56f	Gp0225153	152936.assembled.fna	FASTA nucleotide sequence	4039452
59c58ce37ded5e2f1868c7b5	Gp0225154	153242.assembled.fna	FASTA nucleotide sequence	10323431
59c41fa47ded5e2f1868b9db	Gp0225155	152959.assembled.fna	FASTA nucleotide sequence	12476921
59ca3f287ded5e2f1869047a	Gp0225156	152981.assembled.fna	FASTA nucleotide sequence	7956921
59ca71dc7ded5e2f186908e0	Gp0225157	152940.assembled.fna	FASTA nucleotide sequence	11289491
59c3dc227ded5e2f1868b64b	Gp0225158	152935.assembled.fna	FASTA nucleotide sequence	6290446
59ca05b97ded5e2f1868f4e3	Gp0225159	152951.assembled.fna	FASTA nucleotide sequence	3917665
59c3cc187ded5e2f1868b5aa	Gp0225160	152979.assembled.fna	FASTA nucleotide sequence	5302416
59c3e1267ded5e2f1868b66f	Gp0225161	152943.assembled.fna	FASTA nucleotide sequence	6588397
59ca2ca47ded5e2f18690243	Gp0225162	152949.assembled.fna	FASTA nucleotide sequence	7008438
59c3ef157ded5e2f1868b6df	Gp0225163	152956.assembled.fna	FASTA nucleotide sequence	7521984
59ca67c17ded5e2f186907b2	Gp0225164	152933.assembled.fna	FASTA nucleotide sequence	10834519
59ca3bbc7ded5e2f18690425	Gp0225165	152942.assembled.fna	FASTA nucleotide sequence	7485425
59c9fb017ded5e2f1868f376	Gp0225166	152938.assembled.fna	FASTA nucleotide sequence	2543921
59ca33a77ded5e2f18690311	Gp0225167	152945.assembled.fna	FASTA nucleotide sequence	7514381
59c3dadc7ded5e2f1868b639	Gp0225168	152957.assembled.fna	FASTA nucleotide sequence	6160800
59ca554a7ded5e2f186906a1	Gp0225169	152931.assembled.fna	FASTA nucleotide sequence	9539773
59c3e3637ded5e2f1868b685	Gp0225170	152950.assembled.fna	FASTA nucleotide sequence	7066941
59ca4f817ded5e2f18690636	Gp0225171	152962.assembled.fna	FASTA nucleotide sequence	9055792
59ca42a17ded5e2f186904fa	Gp0225172	152934.assembled.fna	FASTA nucleotide sequence	7830927
59c415d57ded5e2f1868b983	Gp0225173	152930.assembled.fna	FASTA nucleotide sequence	11048790
59ca3a7a7ded5e2f186903ed	Gp0225174	152976.assembled.fna	FASTA nucleotide sequence	8163103
59ca40567ded5e2f186904a4	Gp0225175	152961.assembled.fna	FASTA nucleotide sequence	7232876
59ca22eb7ded5e2f1868ff5a	Gp0225176	152947.assembled.fna	FASTA nucleotide sequence	6255226
59ca1e5b7ded5e2f1868fdf6	Gp0225177	152944.assembled.fna	FASTA nucleotide sequence	6436784
59c3e7db7ded5e2f1868b6aa	Gp0225178	152955.assembled.fna	FASTA nucleotide sequence	7431284
59c570ad7ded5e2f1868c6a5	Gp0225179	153249.assembled.fna	FASTA nucleotide sequence	8659888
59ca4c2d7ded5e2f186905e4	Gp0225180	152941.assembled.fna	FASTA nucleotide sequence	9175365
59ca33787ded5e2f186902fe	Gp0225181	152929.assembled.fna	FASTA nucleotide sequence	7460625
59c3d51d7ded5e2f1868b5fc	Gp0225182	152939.assembled.fna	FASTA nucleotide sequence	6003382
59ca63657ded5e2f18690770	Gp0225183	152946.assembled.fna	FASTA nucleotide sequence	10850085
59c52a3b7ded5e2f1868c32e	Gp0225184	153244.assembled.fna	FASTA nucleotide sequence	5519235
59ca210b7ded5e2f1868fe1b	Gp0225185	152937.assembled.fna	FASTA nucleotide sequence	6637246
59ca63aa7ded5e2f18690785	Gp0225186	152932.assembled.fna	FASTA nucleotide sequence	10511703
59ca75a17ded5e2f1869091a	Gp0225187	152924.assembled.fna	FASTA nucleotide sequence	12946679
59c40bf87ded5e2f1868b8f7	Gp0225188	152922.assembled.fna	FASTA nucleotide sequence	10657388
59c41cc17ded5e2f1868b9c0	Gp0225189	152923.assembled.fna	FASTA nucleotide sequence	11844666
59c3ff7c7ded5e2f1868b82a	Gp0225190	152918.assembled.fna	FASTA nucleotide sequence	9108910
59ca6a667ded5e2f186907ee	Gp0225191	152921.assembled.fna	FASTA nucleotide sequence	11118437
59ca02487ded5e2f1868f497	Gp0225192	152963.assembled.fna	FASTA nucleotide sequence	3699488
59c5afff7ded5e2f1868ca13	Gp0225193	153251.assembled.fna	FASTA nucleotide sequence	12361901
59c59abf7ded5e2f1868c915	Gp0225194	153253.assembled.fna	FASTA nucleotide sequence	11226874
59c57e9c7ded5e2f1868c719	Gp0225195	153243.assembled.fna	FASTA nucleotide sequence	9393909
59c3ce347ded5e2f1868b5bc	Gp0225196	152978.assembled.fna	FASTA nucleotide sequence	5340354
59ca36c87ded5e2f18690359	Gp0225197	152982.assembled.fna	FASTA nucleotide sequence	7352060
59c409657ded5e2f1868b8e5	Gp0225198	152965.assembled.fna	FASTA nucleotide sequence	10481900
59c569ea7ded5e2f1868c66b	Gp0225199	153239.assembled.fna	FASTA nucleotide sequence	8719827
59c56c1e7ded5e2f1868c680	Gp0225200	153236.assembled.fna	FASTA nucleotide sequence	8703098
59c5a9057ded5e2f1868c9d8	Gp0225201	153240.assembled.fna	FASTA nucleotide sequence	12468570
59c3f86f7ded5e2f1868b7cb	Gp0225202	152954.assembled.fna	FASTA nucleotide sequence	7807516
59ca416e7ded5e2f186904c2	Gp0225203	152974.assembled.fna	FASTA nucleotide sequence	8286817
59ca6aca7ded5e2f186907ff	Gp0225204	152966.assembled.fna	FASTA nucleotide sequence	11214553
59ca140c7ded5e2f1868f7b9	Gp0225205	152977.assembled.fna	FASTA nucleotide sequence	5560431
59c578007ded5e2f1868c6df	Gp0225206	153250.assembled.fna	FASTA nucleotide sequence	9076761
59c588617ded5e2f1868c791	Gp0225207	153247.assembled.fna	FASTA nucleotide sequence	9755061
59c57a147ded5e2f1868c6f5	Gp0225208	153252.assembled.fna	FASTA nucleotide sequence	8940905
59ca21db7ded5e2f1868fe81	Gp0225209	152975.assembled.fna	FASTA nucleotide sequence	6620330
59ca5c607ded5e2f18690719	Gp0225210	152968.assembled.fna	FASTA nucleotide sequence	10472047
59c40df47ded5e2f1868b93e	Gp0225211	152971.assembled.fna	FASTA nucleotide sequence	11045960
59c585da7ded5e2f1868c77a	Gp0225212	153255.assembled.fna	FASTA nucleotide sequence	9004603
59c53ae17ded5e2f1868c3f6	Gp0225213	153238.assembled.fna	FASTA nucleotide sequence	6342633
59c59d1d7ded5e2f1868c92a	Gp0225214	153241.assembled.fna	FASTA nucleotide sequence	11846177
59c42e447ded5e2f1868ba74	Gp0225215	152958.assembled.fna	FASTA nucleotide sequence	13843574
59ca790a7ded5e2f1869094a	Gp0225216	152980.assembled.fna	FASTA nucleotide sequence	12632877
59c422c17ded5e2f1868b9f8	Gp0225217	152973.assembled.fna	FASTA nucleotide sequence	12868956
59ca48b57ded5e2f1869059e	Gp0225218	152970.assembled.fna	FASTA nucleotide sequence	9152642
59c552967ded5e2f1868c55d	Gp0225219	153259.assembled.fna	FASTA nucleotide sequence	7459471
59c591a57ded5e2f1868c7f0	Gp0225220	153254.assembled.fna	FASTA nucleotide sequence	10839951
59c58aa37ded5e2f1868c7a3	Gp0225221	153256.assembled.fna	FASTA nucleotide sequence	9721224
59ca67cc7ded5e2f186907c4	Gp0225222	152964.assembled.fna	FASTA nucleotide sequence	11116745
59ca7f8d7ded5e2f1869099f	Gp0225223	152917.assembled.fna	FASTA nucleotide sequence	13626207
59ca1d267ded5e2f1868fd42	Gp0225224	152925.assembled.fna	FASTA nucleotide sequence	6300259
59ca30a57ded5e2f186902c0	Gp0225225	152927.assembled.fna	FASTA nucleotide sequence	7548696
59c3f6047ded5e2f1868b7ba	Gp0225226	152920.assembled.fna	FASTA nucleotide sequence	7938822
59ca509a7ded5e2f18690648	Gp0225227	152919.assembled.fna	FASTA nucleotide sequence	9753322
59ca5b2b7ded5e2f18690703	Gp0225228	152926.assembled.fna	FASTA nucleotide sequence	10652883
59c70e8d7ded5e2f1868dfc7	Gp0225230	153477.assembled.fna	FASTA nucleotide sequence	7300110
59c6ae7e7ded5e2f1868dc7a	Gp0225231	153463.assembled.fna	FASTA nucleotide sequence	5218264
59c6903c7ded5e2f1868db8c	Gp0225232	153494.assembled.fna	FASTA nucleotide sequence	4358552
59c5b6ef7ded5e2f1868ca60	Gp0225233	153312.assembled.fna	FASTA nucleotide sequence	13773985
59c773687ded5e2f1868e2de	Gp0225234	153493.assembled.fna	FASTA nucleotide sequence	10976637
59c5155d7ded5e2f1868c263	Gp0225235	153306.assembled.fna	FASTA nucleotide sequence	2663212
59c66ebb7ded5e2f1868da8a	Gp0225236	153491.assembled.fna	FASTA nucleotide sequence	3085586
59c5216f7ded5e2f1868c2cf	Gp0225238	153277.assembled.fna	FASTA nucleotide sequence	4493569
59c548f47ded5e2f1868c504	Gp0225239	153281.assembled.fna	FASTA nucleotide sequence	7071317
59c583b07ded5e2f1868c73c	Gp0225240	153263.assembled.fna	FASTA nucleotide sequence	9669310
59c541db7ded5e2f1868c468	Gp0225241	153276.assembled.fna	FASTA nucleotide sequence	6239170
59c544237ded5e2f1868c484	Gp0225242	153283.assembled.fna	FASTA nucleotide sequence	6507292
59c5b4797ded5e2f1868ca4e	Gp0225243	153286.assembled.fna	FASTA nucleotide sequence	13305006
59c55b9f7ded5e2f1868c5f4	Gp0225244	153267.assembled.fna	FASTA nucleotide sequence	7555515
59c6fbb57ded5e2f1868df36	Gp0225245	153499.assembled.fna	FASTA nucleotide sequence	7014884
59c6cf137ded5e2f1868ddd8	Gp0225246	153485.assembled.fna	FASTA nucleotide sequence	5956289
59c688db7ded5e2f1868db55	Gp0225247	153480.assembled.fna	FASTA nucleotide sequence	3917424
59c71a017ded5e2f1868e023	Gp0225248	153467.assembled.fna	FASTA nucleotide sequence	7312678
59c77ef37ded5e2f1868e33b	Gp0225249	153478.assembled.fna	FASTA nucleotide sequence	11261620
59c554b97ded5e2f1868c572	Gp0225250	153309.assembled.fna	FASTA nucleotide sequence	8119941
59c77c977ded5e2f1868e329	Gp0225251	153482.assembled.fna	FASTA nucleotide sequence	11358556
59c77a3b7ded5e2f1868e317	Gp0225252	153498.assembled.fna	FASTA nucleotide sequence	11682256
59c673bb7ded5e2f1868daad	Gp0225253	153481.assembled.fna	FASTA nucleotide sequence	3266070
59c6e8ee7ded5e2f1868dea4	Gp0225254	153473.assembled.fna	FASTA nucleotide sequence	6031805
59c715497ded5e2f1868e000	Gp0225255	153474.assembled.fna	FASTA nucleotide sequence	7265557
59c721037ded5e2f1868e05c	Gp0225256	153468.assembled.fna	FASTA nucleotide sequence	7814319
59c6d8b57ded5e2f1868de1e	Gp0225258	153497.assembled.fna	FASTA nucleotide sequence	5939279
59c759757ded5e2f1868e216	Gp0225259	153487.assembled.fna	FASTA nucleotide sequence	9492478
59c777de7ded5e2f1868e305	Gp0225260	153489.assembled.fna	FASTA nucleotide sequence	11002703
59c69b6f7ded5e2f1868dbeb	Gp0225261	153479.assembled.fna	FASTA nucleotide sequence	4662731
59c6b7b97ded5e2f1868dcc3	Gp0225262	153465.assembled.fna	FASTA nucleotide sequence	5320186
59c73d327ded5e2f1868e13b	Gp0225263	153466.assembled.fna	FASTA nucleotide sequence	8105719
59c6eb8e7ded5e2f1868deb6	Gp0225264	153471.assembled.fna	FASTA nucleotide sequence	6505352
59c749047ded5e2f1868e193	Gp0225265	153501.assembled.fna	FASTA nucleotide sequence	8589345
59c73f877ded5e2f1868e14d	Gp0225266	153495.assembled.fna	FASTA nucleotide sequence	8079224
59c75e257ded5e2f1868e23a	Gp0225267	153486.assembled.fna	FASTA nucleotide sequence	9777095
59c7009c7ded5e2f1868df58	Gp0225268	153469.assembled.fna	FASTA nucleotide sequence	6738549
59c692af7ded5e2f1868db9f	Gp0225269	153472.assembled.fna	FASTA nucleotide sequence	4399776
59c6c86e7ded5e2f1868dda0	Gp0225270	153476.assembled.fna	FASTA nucleotide sequence	5600149
59c6f4bd7ded5e2f1868defd	Gp0225271	153483.assembled.fna	FASTA nucleotide sequence	6604779
59c7099a7ded5e2f1868dfa3	Gp0225272	153500.assembled.fna	FASTA nucleotide sequence	6800003
59c74b5c7ded5e2f1868e1a9	Gp0225273	153496.assembled.fna	FASTA nucleotide sequence	8531321
59c5a20a7ded5e2f1868c9b0	Gp0225274	153307.assembled.fna	FASTA nucleotide sequence	11534060
59c775907ded5e2f1868e2f4	Gp0225275	153464.assembled.fna	FASTA nucleotide sequence	10863470
59c783ed7ded5e2f1868e363	Gp0225276	153470.assembled.fna	FASTA nucleotide sequence	11678455
59c52ca17ded5e2f1868c351	Gp0225277	153261.assembled.fna	FASTA nucleotide sequence	5215099
59c52f6d7ded5e2f1868c363	Gp0225278	153274.assembled.fna	FASTA nucleotide sequence	5815137
59c525ab7ded5e2f1868c2fc	Gp0225279	153280.assembled.fna	FASTA nucleotide sequence	5234083
59c559ff7ded5e2f1868c5e3	Gp0225280	153287.assembled.fna	FASTA nucleotide sequence	7950216
59c596297ded5e2f1868c884	Gp0225281	153282.assembled.fna	FASTA nucleotide sequence	10957000
59c51ea87ded5e2f1868c2b2	Gp0225282	153260.assembled.fna	FASTA nucleotide sequence	4637615
59c5b2377ded5e2f1868ca29	Gp0225283	153278.assembled.fna	FASTA nucleotide sequence	12856775
59c575f97ded5e2f1868c6ca	Gp0225284	153308.assembled.fna	FASTA nucleotide sequence	9410948
59c54bd97ded5e2f1868c520	Gp0225285	153262.assembled.fna	FASTA nucleotide sequence	7501057
59c531ad7ded5e2f1868c375	Gp0225286	153269.assembled.fna	FASTA nucleotide sequence	5631819
59c55de77ded5e2f1868c60a	Gp0225287	153272.assembled.fna	FASTA nucleotide sequence	8390305
59c562e27ded5e2f1868c634	Gp0225288	153284.assembled.fna	FASTA nucleotide sequence	7894598
59c5b94b7ded5e2f1868ca75	Gp0225289	153268.assembled.fna	FASTA nucleotide sequence	14646790
59c58f317ded5e2f1868c7c6	Gp0225290	153285.assembled.fna	FASTA nucleotide sequence	10596115
59c560307ded5e2f1868c622	Gp0225291	153264.assembled.fna	FASTA nucleotide sequence	8099091
59c598847ded5e2f1868c895	Gp0225292	153279.assembled.fna	FASTA nucleotide sequence	11011936
59c53f857ded5e2f1868c43d	Gp0225293	153311.assembled.fna	FASTA nucleotide sequence	6441517
59c546707ded5e2f1868c4c6	Gp0225294	153310.assembled.fna	FASTA nucleotide sequence	6652936
59c51a477ded5e2f1868c28a	Gp0225295	153304.assembled.fna	FASTA nucleotide sequence	3661088
59c523af7ded5e2f1868c2e6	Gp0225296	153300.assembled.fna	FASTA nucleotide sequence	4554935
59c54da27ded5e2f1868c533	Gp0225297	153299.assembled.fna	FASTA nucleotide sequence	7604703
59c9fb697ded5e2f1868f3c3	Gp0225298	153303.assembled.fna	FASTA nucleotide sequence	11867506
59c557207ded5e2f1868c5cb	Gp0225299	153302.assembled.fna	FASTA nucleotide sequence	8280687
59c5bbe57ded5e2f1868ca87	Gp0225300	153301.assembled.fna	FASTA nucleotide sequence	15227826
59c538667ded5e2f1868c3c1	Gp0225301	153305.assembled.fna	FASTA nucleotide sequence	5640393
59c53d9e7ded5e2f1868c416	Gp0225302	153291.assembled.fna	FASTA nucleotide sequence	6100583
59c527dd7ded5e2f1868c318	Gp0225303	153292.assembled.fna	FASTA nucleotide sequence	4933946
59c5ab427ded5e2f1868c9ec	Gp0225304	153294.assembled.fna	FASTA nucleotide sequence	12460311
59c5a4467ded5e2f1868c9c6	Gp0225305	153290.assembled.fna	FASTA nucleotide sequence	11627223
59c593f77ded5e2f1868c86c	Gp0225306	153288.assembled.fna	FASTA nucleotide sequence	10935301
59c567927ded5e2f1868c658	Gp0225307	153293.assembled.fna	FASTA nucleotide sequence	8023609
59c51cb47ded5e2f1868c2a1	Gp0225308	153289.assembled.fna	FASTA nucleotide sequence	4396017
59c573127ded5e2f1868c6b7	Gp0225309	153265.assembled.fna	FASTA nucleotide sequence	8829537
59c536127ded5e2f1868c3ac	Gp0225310	153271.assembled.fna	FASTA nucleotide sequence	5999116
59c533b07ded5e2f1868c398	Gp0225311	153273.assembled.fna	FASTA nucleotide sequence	6070894
59c5be337ded5e2f1868ca9b	Gp0225312	153270.assembled.fna	FASTA nucleotide sequence	16425510
59c5812a7ded5e2f1868c72b	Gp0225313	153275.assembled.fna	FASTA nucleotide sequence	9270075
59c56e377ded5e2f1868c692	Gp0225314	153266.assembled.fna	FASTA nucleotide sequence	9110668
59c7235c7ded5e2f1868e06e	Gp0225315	153462.assembled.fna	FASTA nucleotide sequence	7747964
59c67ad07ded5e2f1868dae4	Gp0225316	153488.assembled.fna	FASTA nucleotide sequence	3430449
59c710e07ded5e2f1868dfd9	Gp0225317	153492.assembled.fna	FASTA nucleotide sequence	7461139
59c752d47ded5e2f1868e1dd	Gp0225318	153490.assembled.fna	FASTA nucleotide sequence	8648120
59c791af7ded5e2f1868e3d2	Gp0225319	153484.assembled.fna	FASTA nucleotide sequence	13690778
59c76c317ded5e2f1868e2a8	Gp0225320	153475.assembled.fna	FASTA nucleotide sequence	10519721
59c754c37ded5e2f1868e1ef	Gp0225322	153591.assembled.fna	FASTA nucleotide sequence	8802994
59c6f2db7ded5e2f1868deec	Gp0225323	153531.assembled.fna	FASTA nucleotide sequence	6087826
59c6d1747ded5e2f1868dde9	Gp0225324	153570.assembled.fna	FASTA nucleotide sequence	6317968
59c6ccef7ded5e2f1868ddc7	Gp0225325	153575.assembled.fna	FASTA nucleotide sequence	5520300
59c6c5af7ded5e2f1868dd68	Gp0225326	153567.assembled.fna	FASTA nucleotide sequence	5242787
59c671ea7ded5e2f1868da9c	Gp0225327	153587.assembled.fna	FASTA nucleotide sequence	3408967
59c742697ded5e2f1868e15f	Gp0225328	153568.assembled.fna	FASTA nucleotide sequence	8482057
59c6991f7ded5e2f1868dbd6	Gp0225330	153579.assembled.fna	FASTA nucleotide sequence	4728310
59c6ac987ded5e2f1868dc68	Gp0225331	153525.assembled.fna	FASTA nucleotide sequence	5147435
59c6d6da7ded5e2f1868de0c	Gp0225332	153532.assembled.fna	FASTA nucleotide sequence	5898096
59c6f6f47ded5e2f1868df12	Gp0225333	153524.assembled.fna	FASTA nucleotide sequence	6394161
59c6b2f47ded5e2f1868dca1	Gp0225334	153588.assembled.fna	FASTA nucleotide sequence	5299438
59c6b0b07ded5e2f1868dc8f	Gp0225335	153516.assembled.fna	FASTA nucleotide sequence	5044851
59c6b5567ded5e2f1868dcb2	Gp0225336	153543.assembled.fna	FASTA nucleotide sequence	5399592
59c68d877ded5e2f1868db78	Gp0225337	153542.assembled.fna	FASTA nucleotide sequence	4224738
59c7053f7ded5e2f1868df7f	Gp0225338	153540.assembled.fna	FASTA nucleotide sequence	7247959
59c72a907ded5e2f1868e0a4	Gp0225339	153544.assembled.fna	FASTA nucleotide sequence	7712376
59c72f0b7ded5e2f1868e0cc	Gp0225340	153564.assembled.fna	FASTA nucleotide sequence	7671180
59c696de7ded5e2f1868dbc5	Gp0225341	153571.assembled.fna	FASTA nucleotide sequence	4425718
59c71c907ded5e2f1868e034	Gp0225342	153565.assembled.fna	FASTA nucleotide sequence	7212606
59c744677ded5e2f1868e170	Gp0225343	153534.assembled.fna	FASTA nucleotide sequence	8291778
59c6dd227ded5e2f1868de46	Gp0225344	153533.assembled.fna	FASTA nucleotide sequence	5874536
59c6866b7ded5e2f1868db43	Gp0225345	153519.assembled.fna	FASTA nucleotide sequence	3741886
59c6a4e97ded5e2f1868dc34	Gp0225346	153518.assembled.fna	FASTA nucleotide sequence	4817779
59c781427ded5e2f1868e34d	Gp0225347	153529.assembled.fna	FASTA nucleotide sequence	11873760
59c6f9597ded5e2f1868df24	Gp0225348	153547.assembled.fna	FASTA nucleotide sequence	6478807
59c67f887ded5e2f1868db07	Gp0225349	153541.assembled.fna	FASTA nucleotide sequence	3512296
59c7966e7ded5e2f1868e3f6	Gp0225350	153548.assembled.fna	FASTA nucleotide sequence	17809108
59c707327ded5e2f1868df91	Gp0225351	153521.assembled.fna	FASTA nucleotide sequence	6745398
59c731667ded5e2f1868e0de	Gp0225352	153520.assembled.fna	FASTA nucleotide sequence	8017033
59c6d4197ded5e2f1868ddfb	Gp0225353	153581.assembled.fna	FASTA nucleotide sequence	5858997
59c6efc37ded5e2f1868deda	Gp0225354	153573.assembled.fna	FASTA nucleotide sequence	6644645
59c793fc7ded5e2f1868e3e4	Gp0225355	153546.assembled.fna	FASTA nucleotide sequence	13576880
59c769e67ded5e2f1868e296	Gp0225356	153538.assembled.fna	FASTA nucleotide sequence	9708202
59c74e447ded5e2f1868e1ba	Gp0225357	153569.assembled.fna	FASTA nucleotide sequence	8859138
59c6a9a07ded5e2f1868dc57	Gp0225358	153535.assembled.fna	FASTA nucleotide sequence	4993356
59c750197ded5e2f1868e1cb	Gp0225359	153555.assembled.fna	FASTA nucleotide sequence	8741471
59c717a67ded5e2f1868e011	Gp0225360	153562.assembled.fna	FASTA nucleotide sequence	6891273
59c746c07ded5e2f1868e182	Gp0225361	153584.assembled.fna	FASTA nucleotide sequence	8824782
59c76f207ded5e2f1868e2ba	Gp0225362	153582.assembled.fna	FASTA nucleotide sequence	10442829
59c785e47ded5e2f1868e375	Gp0225363	153577.assembled.fna	FASTA nucleotide sequence	12277884
59c738b07ded5e2f1868e113	Gp0225364	153549.assembled.fna	FASTA nucleotide sequence	8370823
59c70be17ded5e2f1868dfb5	Gp0225365	153559.assembled.fna	FASTA nucleotide sequence	7601864
59c75bca7ded5e2f1868e228	Gp0225366	153560.assembled.fna	FASTA nucleotide sequence	10075449
59c6763e7ded5e2f1868dabe	Gp0225367	153536.assembled.fna	FASTA nucleotide sequence	3396560
59c78f587ded5e2f1868e3bc	Gp0225368	153550.assembled.fna	FASTA nucleotide sequence	12501075
59c6a03a7ded5e2f1868dc0e	Gp0225369	153502.assembled.fna	FASTA nucleotide sequence	4842568
59c71ed57ded5e2f1868e046	Gp0225370	153507.assembled.fna	FASTA nucleotide sequence	7195066
59c6c3597ded5e2f1868dd56	Gp0225371	153505.assembled.fna	FASTA nucleotide sequence	5417520
59c6dad67ded5e2f1868de34	Gp0225372	153509.assembled.fna	FASTA nucleotide sequence	6176853
59c6a28d7ded5e2f1868dc23	Gp0225373	153513.assembled.fna	FASTA nucleotide sequence	4834663
59c6ede57ded5e2f1868dec8	Gp0225374	153504.assembled.fna	FASTA nucleotide sequence	6151128
59c68b427ded5e2f1868db66	Gp0225375	153503.assembled.fna	FASTA nucleotide sequence	4530267
59c6a73d7ded5e2f1868dc45	Gp0225376	153506.assembled.fna	FASTA nucleotide sequence	4808917
59c7570c7ded5e2f1868e201	Gp0225377	153556.assembled.fna	FASTA nucleotide sequence	9092689
59c6ba6e7ded5e2f1868dcd5	Gp0225378	153586.assembled.fna	FASTA nucleotide sequence	5508228
59c767c97ded5e2f1868e285	Gp0225379	153574.assembled.fna	FASTA nucleotide sequence	9827915
59c6e1ca7ded5e2f1868de6a	Gp0225380	153522.assembled.fna	FASTA nucleotide sequence	6366003
59c6e6b27ded5e2f1868de8f	Gp0225381	153517.assembled.fna	FASTA nucleotide sequence	5759956
59c78cf17ded5e2f1868e3aa	Gp0225382	153545.assembled.fna	FASTA nucleotide sequence	11846524
59c6df7d7ded5e2f1868de59	Gp0225383	153557.assembled.fna	FASTA nucleotide sequence	6195875
59c6fde37ded5e2f1868df47	Gp0225384	153554.assembled.fna	FASTA nucleotide sequence	6784375
59c6c1157ded5e2f1868dd0f	Gp0225385	153537.assembled.fna	FASTA nucleotide sequence	5475391
59c765977ded5e2f1868e270	Gp0225386	153527.assembled.fna	FASTA nucleotide sequence	9429243
59c66b3f7ded5e2f1868da78	Gp0225387	153530.assembled.fna	FASTA nucleotide sequence	2772484
59c6bebd7ded5e2f1868dcfd	Gp0225388	153552.assembled.fna	FASTA nucleotide sequence	5628912
59c7608c7ded5e2f1868e24c	Gp0225389	153572.assembled.fna	FASTA nucleotide sequence	9197832
59c702a07ded5e2f1868df6a	Gp0225390	153589.assembled.fna	FASTA nucleotide sequence	6373067
59c7361e7ded5e2f1868e101	Gp0225391	153585.assembled.fna	FASTA nucleotide sequence	7724250
59c6784e7ded5e2f1868dad3	Gp0225392	153528.assembled.fna	FASTA nucleotide sequence	3332927
59c78a5d7ded5e2f1868e399	Gp0225393	153553.assembled.fna	FASTA nucleotide sequence	11574705
59c694837ded5e2f1868dbb4	Gp0225394	153561.assembled.fna	FASTA nucleotide sequence	4497133
59c684a97ded5e2f1868db2b	Gp0225395	153566.assembled.fna	FASTA nucleotide sequence	3743800
59c6ca7c7ded5e2f1868ddb1	Gp0225396	153583.assembled.fna	FASTA nucleotide sequence	5662544
59c67cea7ded5e2f1868daf6	Gp0225397	153578.assembled.fna	FASTA nucleotide sequence	3561400
59c770de7ded5e2f1868e2cc	Gp0225398	153539.assembled.fna	FASTA nucleotide sequence	10461779
59c69e4f7ded5e2f1868dbfd	Gp0225399	153551.assembled.fna	FASTA nucleotide sequence	4771617
59c6e4ca7ded5e2f1868de7c	Gp0225400	153558.assembled.fna	FASTA nucleotide sequence	6370463
59c6bc7f7ded5e2f1868dce7	Gp0225401	153563.assembled.fna	FASTA nucleotide sequence	5112343
59c728067ded5e2f1868e090	Gp0225402	153526.assembled.fna	FASTA nucleotide sequence	7489960
59c72d567ded5e2f1868e0b6	Gp0225403	153523.assembled.fna	FASTA nucleotide sequence	7847948
59c713037ded5e2f1868dfef	Gp0225404	153590.assembled.fna	FASTA nucleotide sequence	7289889
59c73b077ded5e2f1868e125	Gp0225405	153580.assembled.fna	FASTA nucleotide sequence	7971889
59c663ff7ded5e2f1868da50	Gp0225406	153576.assembled.fna	FASTA nucleotide sequence	1950372
59c733d67ded5e2f1868e0ef	Gp0225407	153515.assembled.fna	FASTA nucleotide sequence	7892633
59c788107ded5e2f1868e387	Gp0225408	153514.assembled.fna	FASTA nucleotide sequence	11625861
59c6677c7ded5e2f1868da61	Gp0225409	153508.assembled.fna	FASTA nucleotide sequence	1934453
59c763617ded5e2f1868e25e	Gp0225410	153512.assembled.fna	FASTA nucleotide sequence	9534468
59c725f77ded5e2f1868e07f	Gp0225411	153511.assembled.fna	FASTA nucleotide sequence	7769749
59c682527ded5e2f1868db19	Gp0225412	153510.assembled.fna	FASTA nucleotide sequence	3830104
5a30fe847ded5e35e94f1466	Gp0255812	169113.assembled.fna	FASTA nucleotide sequence	94255368
5a3c97cc7ded5e35e94f9f57	Gp0255812	171987.assembled.fna	FASTA nucleotide sequence	94226247
5a310c6e7ded5e35e94f15b8	Gp0255813	169127.assembled.fna	FASTA nucleotide sequence	169491435
5a3cb2e27ded5e35e94f9fbb	Gp0255813	171986.assembled.fna	FASTA nucleotide sequence	169494357
5a30e6407ded5e35e94f11ed	Gp0255814	169114.assembled.fna	FASTA nucleotide sequence	46418119
5a3c97487ded5e35e94f9f33	Gp0255814	171988.assembled.fna	FASTA nucleotide sequence	46422830
5a30e1c37ded5e35e94f11a9	Gp0255815	169090.assembled.fna	FASTA nucleotide sequence	84313450
5a3c97c27ded5e35e94f9f45	Gp0255815	171989.assembled.fna	FASTA nucleotide sequence	84331237
5a30f0187ded5e35e94f137d	Gp0255816	169126.assembled.fna	FASTA nucleotide sequence	58779879
5a3ca9de7ded5e35e94f9f73	Gp0255816	171991.assembled.fna	FASTA nucleotide sequence	58781197
5a30f4ee7ded5e35e94f13dc	Gp0255817	169110.assembled.fna	FASTA nucleotide sequence	79273133
5a3caa6a7ded5e35e94f9f97	Gp0255817	171990.assembled.fna	FASTA nucleotide sequence	79277401
5a30efdf7ded5e35e94f136b	Gp0255818	169133.assembled.fna	FASTA nucleotide sequence	86778410
5a3cb2817ded5e35e94f9fa9	Gp0255818	171992.assembled.fna	FASTA nucleotide sequence	86724732
5a3117417ded5e35e94f168d	Gp0255819	169141.assembled.fna	FASTA nucleotide sequence	178474951
5a3cc1357ded5e35e94f9fe7	Gp0255819	171993.assembled.fna	FASTA nucleotide sequence	178529065
5a3ccf9d7ded5e35e94fa011	Gp0255820	171995.assembled.fna	FASTA nucleotide sequence	223026057
5a3cc0f97ded5e35e94f9fd5	Gp0255821	171994.assembled.fna	FASTA nucleotide sequence	130490978
5a30f9da7ded5e35e94f144a	Gp0255822	169129.assembled.fna	FASTA nucleotide sequence	142415203
5a3ccf467ded5e35e94f9fff	Gp0255822	171997.assembled.fna	FASTA nucleotide sequence	142457805
5a30eb7a7ded5e35e94f12b8	Gp0255823	169131.assembled.fna	FASTA nucleotide sequence	52555804
5a3caa477ded5e35e94f9f85	Gp0255823	171996.assembled.fna	FASTA nucleotide sequence	52536989
5a30ebaa7ded5e35e94f12ce	Gp0255824	169132.assembled.fna	FASTA nucleotide sequence	98984533
5a3cdcb87ded5e35e94fa023	Gp0255824	171999.assembled.fna	FASTA nucleotide sequence	99016334
5a30f98e7ded5e35e94f1426	Gp0255825	169117.assembled.fna	FASTA nucleotide sequence	103182976
5a3cdcc27ded5e35e94fa035	Gp0255825	171998.assembled.fna	FASTA nucleotide sequence	103160099
5a3108f37ded5e35e94f158a	Gp0255826	169120.assembled.fna	FASTA nucleotide sequence	198377124
5a6b13ef7ded5e2d714113e8	Gp0255826	177702.assembled.fna	FASTA nucleotide sequence	198468233
5a3137307ded5e35e94f186d	Gp0255827	169116.assembled.fna	FASTA nucleotide sequence	736066690
5a6be5dc7ded5e3fe22b04d9	Gp0255827	177703.assembled.fna	FASTA nucleotide sequence	736089992
5a313ae67ded5e35e94f187f	Gp0255828	169119.assembled.fna	FASTA nucleotide sequence	558891459
5a3d41fb7ded5e35e94fa1cf	Gp0255828	172007.assembled.fna	FASTA nucleotide sequence	558750186
5a3121327ded5e35e94f1758	Gp0255829	169122.assembled.fna	FASTA nucleotide sequence	242930911
5a3d25087ded5e35e94fa14d	Gp0255829	172006.assembled.fna	FASTA nucleotide sequence	243057313
5a312c707ded5e35e94f17f1	Gp0255830	169134.assembled.fna	FASTA nucleotide sequence	425367552
5a6b65067ded5e3fe22b02b1	Gp0255830	177704.assembled.fna	FASTA nucleotide sequence	425359676
5a3134aa7ded5e35e94f1848	Gp0255831	169136.assembled.fna	FASTA nucleotide sequence	420297278
5a3d342f7ded5e35e94fa1bd	Gp0255831	172000.assembled.fna	FASTA nucleotide sequence	420656267
5a310d817ded5e35e94f15ca	Gp0255832	169138.assembled.fna	FASTA nucleotide sequence	249976354
5a3d16477ded5e35e94fa103	Gp0255832	172002.assembled.fna	FASTA nucleotide sequence	249863609
5a311e847ded5e35e94f172d	Gp0255833	169121.assembled.fna	FASTA nucleotide sequence	418969599
5a3d34257ded5e35e94fa1ab	Gp0255833	172001.assembled.fna	FASTA nucleotide sequence	418920115
5a312aab7ded5e35e94f17df	Gp0255834	169123.assembled.fna	FASTA nucleotide sequence	281687719
5a6b2d9a7ded5e2d7141189b	Gp0255834	177705.assembled.fna	FASTA nucleotide sequence	281681831
5a312f327ded5e35e94f180b	Gp0255835	169124.assembled.fna	FASTA nucleotide sequence	565885034
5a3d42837ded5e35e94fa1e1	Gp0255835	172003.assembled.fna	FASTA nucleotide sequence	565801093
5a311b1c7ded5e35e94f16d2	Gp0255836	169125.assembled.fna	FASTA nucleotide sequence	269083060
5a3d1b037ded5e35e94fa115	Gp0255836	172004.assembled.fna	FASTA nucleotide sequence	269095864
5a3126837ded5e35e94f1794	Gp0255837	169139.assembled.fna	FASTA nucleotide sequence	276258452
5a3d2abf7ded5e35e94fa171	Gp0255837	172005.assembled.fna	FASTA nucleotide sequence	276282045
5a31434b7ded5e35e94f18ce	Gp0255838	169142.assembled.fna	FASTA nucleotide sequence	643271242
5a6bcac47ded5e3fe22b04c6	Gp0255838	177706.assembled.fna	FASTA nucleotide sequence	644443740
5a312fc67ded5e35e94f181d	Gp0255839	169137.assembled.fna	FASTA nucleotide sequence	338817018
5a6b47b47ded5e3fe22b0271	Gp0255839	177707.assembled.fna	FASTA nucleotide sequence	338774082
5ba0e16d46d1e63f764d830c	Gp0255840	197235.assembled.fna	FASTA nucleotide sequence	246708319
5b9bf52846d1e63f764d6611	Gp0255841	197234.assembled.fna	FASTA nucleotide sequence	1316062337
5a3383247ded5e35e94f3420	Gp0255842	170446.assembled.fna	FASTA nucleotide sequence	114182870
5a3ceb4a7ded5e35e94fa06c	Gp0255842	172008.assembled.fna	FASTA nucleotide sequence	114192231
5a339b887ded5e35e94f353d	Gp0255843	170447.assembled.fna	FASTA nucleotide sequence	289574836
5a3d2b5c7ded5e35e94fa183	Gp0255843	172009.assembled.fna	FASTA nucleotide sequence	289658012
5a338f527ded5e35e94f34cd	Gp0255844	170448.assembled.fna	FASTA nucleotide sequence	249609918
5a3d2ab37ded5e35e94fa15f	Gp0255844	172010.assembled.fna	FASTA nucleotide sequence	249628477
5a3383b27ded5e35e94f3444	Gp0255845	170449.assembled.fna	FASTA nucleotide sequence	155873025
5a6b00767ded5e2d71411397	Gp0255845	177708.assembled.fna	FASTA nucleotide sequence	156063140
5a3388fc7ded5e35e94f347a	Gp0255846	170450.assembled.fna	FASTA nucleotide sequence	243923041
5a6b1f5b7ded5e2d71411809	Gp0255846	177709.assembled.fna	FASTA nucleotide sequence	243497576
5a339f3a7ded5e35e94f3570	Gp0255847	170451.assembled.fna	FASTA nucleotide sequence	290670185
5a6b397b7ded5e2d714118c1	Gp0255847	177710.assembled.fna	FASTA nucleotide sequence	290565549
5a6b109f7ded5e2d714113c3	Gp0255848	177711.assembled.fna	FASTA nucleotide sequence	180713338
5a338ea67ded5e35e94f34bb	Gp0255849	170452.assembled.fna	FASTA nucleotide sequence	254373650
5a6b2d797ded5e2d71411877	Gp0255849	177712.assembled.fna	FASTA nucleotide sequence	254139393
5a337e7f7ded5e35e94f33fc	Gp0255850	170453.assembled.fna	FASTA nucleotide sequence	138377079
5a6b0f0d7ded5e2d714113b1	Gp0255850	177713.assembled.fna	FASTA nucleotide sequence	138356564
5a338e9a7ded5e35e94f34a9	Gp0255851	170454.assembled.fna	FASTA nucleotide sequence	250156309
5a6b2d847ded5e2d71411889	Gp0255851	177714.assembled.fna	FASTA nucleotide sequence	249854380
5a337ed97ded5e35e94f340e	Gp0255852	170455.assembled.fna	FASTA nucleotide sequence	107100048
5a3ceafd7ded5e35e94fa05a	Gp0255852	172011.assembled.fna	FASTA nucleotide sequence	107111020
5a3383577ded5e35e94f3432	Gp0255853	170456.assembled.fna	FASTA nucleotide sequence	166864143
5a6b1f057ded5e2d714117f7	Gp0255853	177715.assembled.fna	FASTA nucleotide sequence	166819016
5a3386787ded5e35e94f3456	Gp0255854	170457.assembled.fna	FASTA nucleotide sequence	164896248
5a6b1ef67ded5e2d714117e5	Gp0255854	177716.assembled.fna	FASTA nucleotide sequence	164925510
5a9fbc7564d0b31ae3b4be53	Gp0293503	182087.assembled.fna	FASTA nucleotide sequence	20033438
5a9fbb4564d0b31ae3b4be41	Gp0293504	182089.assembled.fna	FASTA nucleotide sequence	18713050
5a9fbb3c64d0b31ae3b4be2f	Gp0293505	182086.assembled.fna	FASTA nucleotide sequence	15403791
5aa0642964d0b31ae3b4cb28	Gp0293506	182098.assembled.fna	FASTA nucleotide sequence	8670705
5aa0663364d0b31ae3b4cb71	Gp0293507	182094.assembled.fna	FASTA nucleotide sequence	16483055
5a9fb42664d0b31ae3b4bd58	Gp0293508	182091.assembled.fna	FASTA nucleotide sequence	6717726
5a9fb54864d0b31ae3b4bd7c	Gp0293509	182096.assembled.fna	FASTA nucleotide sequence	7314266
5aa062e864d0b31ae3b4cb16	Gp0293510	182097.assembled.fna	FASTA nucleotide sequence	11227649
5a9fba0d64d0b31ae3b4be1d	Gp0293511	182092.assembled.fna	FASTA nucleotide sequence	11818165
5a9fb43364d0b31ae3b4bd6a	Gp0293512	182093.assembled.fna	FASTA nucleotide sequence	6971618
5a9fb56a64d0b31ae3b4bd8e	Gp0293513	182088.assembled.fna	FASTA nucleotide sequence	7090115
5a9fb8fe64d0b31ae3b4bdf9	Gp0293514	182090.assembled.fna	FASTA nucleotide sequence	11756683
5a9faf7e64d0b31ae3b4bcda	Gp0293515	182095.assembled.fna	FASTA nucleotide sequence	4836348
5a9fb67e64d0b31ae3b4bda0	Gp0293516	182099.assembled.fna	FASTA nucleotide sequence	7865766
5a9fae4964d0b31ae3b4bca4	Gp0293517	182109.assembled.fna	FASTA nucleotide sequence	4823418
5a9fba0364d0b31ae3b4be0b	Gp0293518	182105.assembled.fna	FASTA nucleotide sequence	12238272
5a9fb7a864d0b31ae3b4bdc4	Gp0293519	182107.assembled.fna	FASTA nucleotide sequence	9336231
5aa0621664d0b31ae3b4cb00	Gp0293520	182108.assembled.fna	FASTA nucleotide sequence	5465513
5a9fb8f464d0b31ae3b4bde7	Gp0293521	182101.assembled.fna	FASTA nucleotide sequence	11135091
5aa05f7764d0b31ae3b4caa4	Gp0293522	182100.assembled.fna	FASTA nucleotide sequence	6808888
5a9fb68764d0b31ae3b4bdb2	Gp0293523	182106.assembled.fna	FASTA nucleotide sequence	7795442
5aa064fe64d0b31ae3b4cb4c	Gp0293524	182103.assembled.fna	FASTA nucleotide sequence	11715406
5a9f844f64d0b31ae3b4b84c	Gp0293525	182102.assembled.fna	FASTA nucleotide sequence	1074553
5aa05e3064d0b31ae3b4ca81	Gp0293526	182104.assembled.fna	FASTA nucleotide sequence	6153848
5a9fa99564d0b31ae3b4bc15	Gp0293527	182118.assembled.fna	FASTA nucleotide sequence	2939865
5a9fae5864d0b31ae3b4bcb6	Gp0293528	182113.assembled.fna	FASTA nucleotide sequence	4937406
5aa0608164d0b31ae3b4caca	Gp0293529	182111.assembled.fna	FASTA nucleotide sequence	5231889
5aa05bd564d0b31ae3b4ca3a	Gp0293530	182121.assembled.fna	FASTA nucleotide sequence	2846968
5a9fb30064d0b31ae3b4bd34	Gp0293531	182114.assembled.fna	FASTA nucleotide sequence	6002981
5a9fb7b364d0b31ae3b4bdd6	Gp0293532	182122.assembled.fna	FASTA nucleotide sequence	8291719
5aa061ff64d0b31ae3b4caee	Gp0293533	182112.assembled.fna	FASTA nucleotide sequence	7970491
5a9fb1c864d0b31ae3b4bd10	Gp0293534	182123.assembled.fna	FASTA nucleotide sequence	5375301
5aa05e2564d0b31ae3b4ca6f	Gp0293535	182120.assembled.fna	FASTA nucleotide sequence	3393661
5aa05a9964d0b31ae3b4ca06	Gp0294690	182133.assembled.fna	FASTA nucleotide sequence	2225578
5a9fa4fb64d0b31ae3b4bb9b	Gp0293536	182116.assembled.fna	FASTA nucleotide sequence	2156138
5a9fb31064d0b31ae3b4bd46	Gp0293537	182119.assembled.fna	FASTA nucleotide sequence	6584888
5a9fad1d64d0b31ae3b4bc80	Gp0293538	182115.assembled.fna	FASTA nucleotide sequence	4048139
5aa0608e64d0b31ae3b4cadc	Gp0293539	182117.assembled.fna	FASTA nucleotide sequence	7111416
5a9fb1d264d0b31ae3b4bd22	Gp0293540	182110.assembled.fna	FASTA nucleotide sequence	5403686
5aa05d0264d0b31ae3b4ca5c	Gp0293541	182125.assembled.fna	FASTA nucleotide sequence	5674706
5a9fad2c64d0b31ae3b4bc92	Gp0293542	182131.assembled.fna	FASTA nucleotide sequence	4176037
5aa05f6e64d0b31ae3b4ca93	Gp0293543	182132.assembled.fna	FASTA nucleotide sequence	4108294
5a9fabec64d0b31ae3b4bc5d	Gp0293544	182127.assembled.fna	FASTA nucleotide sequence	3766835
5aa05bcb64d0b31ae3b4ca29	Gp0293545	182124.assembled.fna	FASTA nucleotide sequence	2007135
5a9fa65b64d0b31ae3b4bbbe	Gp0293546	182129.assembled.fna	FASTA nucleotide sequence	2098928
5a9faad064d0b31ae3b4bc4b	Gp0293547	182128.assembled.fna	FASTA nucleotide sequence	3103149
5a9f9aca64d0b31ae3b4ba74	Gp0293548	182130.assembled.fna	FASTA nucleotide sequence	1508598
5a9fa73c64d0b31ae3b4bbcf	Gp0293549	182126.assembled.fna	FASTA nucleotide sequence	2932259
5aa2b03964d0b30c136ec19d	Gp0293550	182648.assembled.fna	FASTA nucleotide sequence	2050162
5aa2add264d0b30c136ebde9	Gp0293551	182649.assembled.fna	FASTA nucleotide sequence	1417735
5aa2a11b64d0b30c136ebc0b	Gp0293552	182651.assembled.fna	FASTA nucleotide sequence	1207550
5aa2b74e64d0b30c136ec4ad	Gp0293553	182642.assembled.fna	FASTA nucleotide sequence	2970602
5aa3230d64d0b30c136ed23a	Gp0293554	182663.assembled.fna	FASTA nucleotide sequence	2642536
5aa320ad64d0b30c136ed1e2	Gp0293555	182638.assembled.fna	FASTA nucleotide sequence	1359052
5aa3242e64d0b30c136ed24c	Gp0293556	182643.assembled.fna	FASTA nucleotide sequence	2804751
5aa2ac6064d0b30c136ebc2e	Gp0293557	182673.assembled.fna	FASTA nucleotide sequence	1225821
5aa2c32064d0b30c136ec959	Gp0293558	182658.assembled.fna	FASTA nucleotide sequence	12663104
5aa2c30f64d0b30c136ec947	Gp0293559	182630.assembled.fna	FASTA nucleotide sequence	16348588
5aa2bbeb64d0b30c136ec809	Gp0293560	182637.assembled.fna	FASTA nucleotide sequence	6872534
5aa2c0ac64d0b30c136ec90e	Gp0293561	182631.assembled.fna	FASTA nucleotide sequence	8796819
5aa32a1664d0b30c136ed2ff	Gp0293562	182659.assembled.fna	FASTA nucleotide sequence	8807301
5aa2c0a264d0b30c136ec8fc	Gp0293563	182670.assembled.fna	FASTA nucleotide sequence	8579533
5aa2be4564d0b30c136ec8c7	Gp0293564	182640.assembled.fna	FASTA nucleotide sequence	7308723
5aa2c1cd64d0b30c136ec932	Gp0293565	182666.assembled.fna	FASTA nucleotide sequence	10366621
5aa2bbf564d0b30c136ec81c	Gp0293566	182671.assembled.fna	FASTA nucleotide sequence	6747047
5aa328e964d0b30c136ed2db	Gp0293567	182654.assembled.fna	FASTA nucleotide sequence	7615845
5aa2bf7c64d0b30c136ec8ea	Gp0293568	182636.assembled.fna	FASTA nucleotide sequence	7346597
5aa32a2164d0b30c136ed311	Gp0293569	182660.assembled.fna	FASTA nucleotide sequence	7703606
5aa328f464d0b30c136ed2ed	Gp0293570	182633.assembled.fna	FASTA nucleotide sequence	7127653
5aa326a364d0b30c136ed2a5	Gp0293571	182656.assembled.fna	FASTA nucleotide sequence	5445678
5aa2babb64d0b30c136ec75c	Gp0293572	182672.assembled.fna	FASTA nucleotide sequence	4592513
5aa2bd1764d0b30c136ec892	Gp0293573	182667.assembled.fna	FASTA nucleotide sequence	6659973
5aa2bd2264d0b30c136ec8a4	Gp0293574	182647.assembled.fna	FASTA nucleotide sequence	6804408
5aa2bab064d0b30c136ec744	Gp0293575	182655.assembled.fna	FASTA nucleotide sequence	5052860
5aa2b16c64d0b30c136ec1d5	Gp0293576	182644.assembled.fna	FASTA nucleotide sequence	2326981
5aa2af1864d0b30c136ebfb3	Gp0293577	182639.assembled.fna	FASTA nucleotide sequence	1724652
5aa29d6c64d0b30c136ebba5	Gp0293578	182669.assembled.fna	FASTA nucleotide sequence	359648
5aa327ca64d0b30c136ed2c9	Gp0293579	182634.assembled.fna	FASTA nucleotide sequence	4022334
5aa3255564d0b30c136ed270	Gp0293580	182645.assembled.fna	FASTA nucleotide sequence	4686194
5aa2b72564d0b30c136ec47e	Gp0293581	182635.assembled.fna	FASTA nucleotide sequence	3160741
5aa2b87a64d0b30c136ec5a3	Gp0293582	182641.assembled.fna	FASTA nucleotide sequence	3805654
5aa2b2b564d0b30c136ec26b	Gp0293583	182664.assembled.fna	FASTA nucleotide sequence	2517442
5aa3267d64d0b30c136ed293	Gp0293584	182629.assembled.fna	FASTA nucleotide sequence	3420776
5aa3245464d0b30c136ed25e	Gp0293585	182661.assembled.fna	FASTA nucleotide sequence	3024328
5aa2b9b364d0b30c136ec68f	Gp0293586	182668.assembled.fna	FASTA nucleotide sequence	4456808
5aa3257464d0b30c136ed282	Gp0293587	182657.assembled.fna	FASTA nucleotide sequence	3139032
5aa321d464d0b30c136ed206	Gp0293588	182665.assembled.fna	FASTA nucleotide sequence	1652667
5aa322fb64d0b30c136ed228	Gp0293589	182662.assembled.fna	FASTA nucleotide sequence	2010359
5aa2b3f964d0b30c136ec2cd	Gp0293590	182632.assembled.fna	FASTA nucleotide sequence	2820030
5aa2b60f64d0b30c136ec385	Gp0293591	182652.assembled.fna	FASTA nucleotide sequence	3160681
5aa2b51364d0b30c136ec327	Gp0293592	182628.assembled.fna	FASTA nucleotide sequence	2919898
5aa2b3c264d0b30c136ec2bc	Gp0293593	182653.assembled.fna	FASTA nucleotide sequence	2741076
5aa2b2aa64d0b30c136ec254	Gp0293594	182627.assembled.fna	FASTA nucleotide sequence	2226202
5aa2b4f864d0b30c136ec315	Gp0293595	182646.assembled.fna	FASTA nucleotide sequence	3031417
5aa2b85e64d0b30c136ec58b	Gp0293596	182650.assembled.fna	FASTA nucleotide sequence	3851469
5beeedd146d1e61e989e2234	Gp0306221	203122.assembled.fna	FASTA nucleotide sequence	934663516
5bf3b7e246d1e61e989e3420	Gp0306222	203106.assembled.fna	FASTA nucleotide sequence	1529785947
5be556cd46d1e66b06c26544	Gp0306224	202092.assembled.fna	FASTA nucleotide sequence	2769605843
5bd7a9b546d1e604fecfd210	Gp0306225	201039.assembled.fna	FASTA nucleotide sequence	5719853
5b4f825364d0b3516a60499c	Gp0306226	192431.assembled.fna	FASTA nucleotide sequence	868377819
5b4f61f364d0b3516a604876	Gp0306227	192443.assembled.fna	FASTA nucleotide sequence	636012783
5be2444a46d1e66b06c25161	Gp0306228	202087.assembled.fna	FASTA nucleotide sequence	1244694764
5b63391664d0b3516a60f941	Gp0306230	193584.assembled.fna	FASTA nucleotide sequence	567050565
5b63394b64d0b3516a60f954	Gp0306231	193580.assembled.fna	FASTA nucleotide sequence	670588089
5bb4420f46d1e62dbd91129f	Gp0306232	198634.assembled.fna	FASTA nucleotide sequence	777916388
5be24e8046d1e66b06c255ad	Gp0306233	202090.assembled.fna	FASTA nucleotide sequence	1203218842
5b4f549e64d0b3516a604816	Gp0306234	192439.assembled.fna	FASTA nucleotide sequence	588016034
5be2a3b946d1e66b06c25934	Gp0306235	202089.assembled.fna	FASTA nucleotide sequence	1280519964
5be239d246d1e65b9cdb1d46	Gp0306236	202086.assembled.fna	FASTA nucleotide sequence	1050588125
5be2566c46d1e66b06c2567a	Gp0306237	202091.assembled.fna	FASTA nucleotide sequence	860197375
5be1ed3c46d1e65b9cdb1bc0	Gp0306238	202083.assembled.fna	FASTA nucleotide sequence	1196315194
5be2997046d1e66b06c25921	Gp0306239	202088.assembled.fna	FASTA nucleotide sequence	1314971073
5be2303f46d1e65b9cdb1cab	Gp0306240	202084.assembled.fna	FASTA nucleotide sequence	1124078113
5be4c09446d1e66b06c261ef	Gp0306241	202140.assembled.fna	FASTA nucleotide sequence	10811636
5b4f79ba64d0b3516a604935	Gp0306242	192442.assembled.fna	FASTA nucleotide sequence	772732724
5b635b3264d0b3516a60f995	Gp0306244	193583.assembled.fna	FASTA nucleotide sequence	611705694
5b4f4e9564d0b3516a6047ef	Gp0306245	192441.assembled.fna	FASTA nucleotide sequence	537166313
5b6d296564d0b3516a616681	Gp0306246	193579.assembled.fna	FASTA nucleotide sequence	2709674452
5be28e4d46d1e66b06c2590e	Gp0306247	202085.assembled.fna	FASTA nucleotide sequence	1357918558
5be2706a46d1e66b06c258e3	Gp0306248	202082.assembled.fna	FASTA nucleotide sequence	1223080314
5bf3c3bf46d1e61e989e3434	Gp0306250	203125.assembled.fna	FASTA nucleotide sequence	1456159577
5b6a2a9164d0b3516a61397f	Gp0321263	194477.assembled.fna	FASTA nucleotide sequence	543555900
5b73133846d1e646b62ff8bf	Gp0321264	194473.assembled.fna	FASTA nucleotide sequence	1164584692
5b72f27346d1e646b62ff50d	Gp0321265	194482.assembled.fna	FASTA nucleotide sequence	1122516065
5b6a315764d0b3516a613a12	Gp0321266	194484.assembled.fna	FASTA nucleotide sequence	413385236
5b6c06ee64d0b3516a615a7b	Gp0321267	194479.assembled.fna	FASTA nucleotide sequence	956454300
5b6d371364d0b3516a6166da	Gp0321268	194486.assembled.fna	FASTA nucleotide sequence	976767468
5b6cb91b64d0b3516a615f52	Gp0321269	194475.assembled.fna	FASTA nucleotide sequence	1290381898
5b6cd89d64d0b3516a6164c1	Gp0321270	194487.assembled.fna	FASTA nucleotide sequence	711120262
5b6d140e64d0b3516a616646	Gp0321271	194480.assembled.fna	FASTA nucleotide sequence	976771596
5b6a37ea64d0b3516a613fea	Gp0321272	194476.assembled.fna	FASTA nucleotide sequence	537032203
5b72dd7646d1e646b62ff41f	Gp0321273	194478.assembled.fna	FASTA nucleotide sequence	944118759
5b6cfd8864d0b3516a6165a3	Gp0321274	194485.assembled.fna	FASTA nucleotide sequence	854440332
5b6c9a0b64d0b3516a615bd4	Gp0321275	194469.assembled.fna	FASTA nucleotide sequence	1061353037
5b72d3be46d1e646b62ff40c	Gp0321276	194483.assembled.fna	FASTA nucleotide sequence	1006185999
5b6ce1c364d0b3516a6164f7	Gp0321277	194472.assembled.fna	FASTA nucleotide sequence	819667156
5b6a300764d0b3516a6139ff	Gp0321278	194474.assembled.fna	FASTA nucleotide sequence	486726556
5b6d7ee964d0b3516a616b02	Gp0321279	194471.assembled.fna	FASTA nucleotide sequence	1140796592
5b6a387964d0b3516a614010	Gp0321280	194488.assembled.fna	FASTA nucleotide sequence	622513469
5b6d72da64d0b3516a616ab5	Gp0321281	194468.assembled.fna	FASTA nucleotide sequence	994815949
5b6a31a764d0b3516a613a25	Gp0321282	194481.assembled.fna	FASTA nucleotide sequence	593939220
5b6daf4464d0b3516a616c39	Gp0321283	194467.assembled.fna	FASTA nucleotide sequence	1668616555
5b6bc19f64d0b3516a615947	Gp0321284	194464.assembled.fna	FASTA nucleotide sequence	880351891
5b6a478b64d0b3516a6148bd	Gp0321285	194470.assembled.fna	FASTA nucleotide sequence	626974298
5b6ceb3e64d0b3516a616544	Gp0321286	194466.assembled.fna	FASTA nucleotide sequence	839188494
5b73080746d1e646b62ff855	Gp0321287	194492.assembled.fna	FASTA nucleotide sequence	993712522
5b6a69f564d0b3516a61515b	Gp0321288	194506.assembled.fna	FASTA nucleotide sequence	687511221
5b6d9cf564d0b3516a616bb6	Gp0321289	194490.assembled.fna	FASTA nucleotide sequence	1424690635
5b6a3f0464d0b3516a6141e6	Gp0321290	194509.assembled.fna	FASTA nucleotide sequence	501817072
5b73451b46d1e646b62ff917	Gp0321291	194503.assembled.fna	FASTA nucleotide sequence	1350743602
5b6d5b7d64d0b3516a61696e	Gp0321292	194512.assembled.fna	FASTA nucleotide sequence	1119730318
5b7494e446d1e609b8fad80f	Gp0321293	194507.assembled.fna	FASTA nucleotide sequence	661771143
5b6a47cb64d0b3516a6148d0	Gp0321294	194505.assembled.fna	FASTA nucleotide sequence	673694327
5b73378f46d1e646b62ff8f9	Gp0321295	194501.assembled.fna	FASTA nucleotide sequence	1339722127
5b6a3f8864d0b3516a6142c7	Gp0321296	194508.assembled.fna	FASTA nucleotide sequence	584953618
5b6dc00864d0b3516a616cf3	Gp0321297	194502.assembled.fna	FASTA nucleotide sequence	1585101183
5b6a47d064d0b3516a6148e0	Gp0321298	194511.assembled.fna	FASTA nucleotide sequence	632958727
5b6dd7b164d0b3516a616d7e	Gp0321299	194489.assembled.fna	FASTA nucleotide sequence	2412793081
5b6a3f6264d0b3516a61427b	Gp0321300	194510.assembled.fna	FASTA nucleotide sequence	608349898
5b72b6db46d1e646b62ff3d3	Gp0321301	194493.assembled.fna	FASTA nucleotide sequence	848417251
5b6a69eb64d0b3516a615148	Gp0321302	194497.assembled.fna	FASTA nucleotide sequence	653412345
5b6bccd164d0b3516a61596d	Gp0321303	194504.assembled.fna	FASTA nucleotide sequence	895004846
5b6a6a1d64d0b3516a61516e	Gp0321304	194498.assembled.fna	FASTA nucleotide sequence	694572304
5b6b7b2d64d0b3516a615756	Gp0321305	194500.assembled.fna	FASTA nucleotide sequence	814874824
5b6a7b9964d0b3516a615184	Gp0321306	194491.assembled.fna	FASTA nucleotide sequence	750279700
5b6c63e564d0b3516a615ad7	Gp0321307	194495.assembled.fna	FASTA nucleotide sequence	1017290456
5b6a296664d0b3516a61396c	Gp0321308	194499.assembled.fna	FASTA nucleotide sequence	398891972
5b6a384464d0b3516a613ffd	Gp0321309	194494.assembled.fna	FASTA nucleotide sequence	580256822
5b6cc66264d0b3516a6161b0	Gp0321310	194496.assembled.fna	FASTA nucleotide sequence	766678058
5c5a872e46d1e60f5f37da5a	Gp0321404	202514.assembled.fna	FASTA nucleotide sequence	858478254
5be5425d46d1e66b06c263f9	Gp0321405	202160.assembled.fna	FASTA nucleotide sequence	405993754
5bec7c5446d1e66b06c39530	Gp0321406	202512.assembled.fna	FASTA nucleotide sequence	761922203
5be560ba46d1e66b06c265c9	Gp0321407	202167.assembled.fna	FASTA nucleotide sequence	558048190
5be54f4346d1e66b06c264f8	Gp0321408	202163.assembled.fna	FASTA nucleotide sequence	570092903
5be5706d46d1e66b06c26629	Gp0321409	202153.assembled.fna	FASTA nucleotide sequence	473699578
5be5752346d1e66b06c26650	Gp0321410	202154.assembled.fna	FASTA nucleotide sequence	515363193
5be76d5946d1e66b06c276e5	Gp0321411	202157.assembled.fna	FASTA nucleotide sequence	571026272
5be4d1fe46d1e66b06c2624f	Gp0321412	202152.assembled.fna	FASTA nucleotide sequence	569141660
5be5584746d1e66b06c2656a	Gp0321413	202165.assembled.fna	FASTA nucleotide sequence	625104449
5be54a1d46d1e66b06c264d2	Gp0321414	202162.assembled.fna	FASTA nucleotide sequence	359021757
5be5469146d1e66b06c26489	Gp0321415	202161.assembled.fna	FASTA nucleotide sequence	426245360
5be56c5b46d1e66b06c26603	Gp0321416	202151.assembled.fna	FASTA nucleotide sequence	428103293
5be53e1646d1e66b06c263ac	Gp0321417	202159.assembled.fna	FASTA nucleotide sequence	435359188
5be5788746d1e66b06c266ce	Gp0321418	202155.assembled.fna	FASTA nucleotide sequence	369183658
5be53a8546d1e66b06c26362	Gp0321419	202158.assembled.fna	FASTA nucleotide sequence	413657521
5be55be546d1e66b06c265a3	Gp0321420	202166.assembled.fna	FASTA nucleotide sequence	343299666
5be57cce46d1e66b06c2671a	Gp0321421	202156.assembled.fna	FASTA nucleotide sequence	468213219
5be552c846d1e66b06c2651e	Gp0321422	202164.assembled.fna	FASTA nucleotide sequence	336138197
5bedc47146d1e61e989e1dda	Gp0321423	202513.assembled.fna	FASTA nucleotide sequence	478639357
5be4c8e446d1e66b06c26219	Gp0321424	202146.assembled.fna	FASTA nucleotide sequence	482738468
5be5550646d1e66b06c26531	Gp0321425	202144.assembled.fna	FASTA nucleotide sequence	434458059
5be550e546d1e66b06c2650b	Gp0321426	202142.assembled.fna	FASTA nucleotide sequence	460372569
5be5686346d1e66b06c265ef	Gp0321427	202150.assembled.fna	FASTA nucleotide sequence	461374359
5be4cd4846d1e66b06c2622c	Gp0321428	202149.assembled.fna	FASTA nucleotide sequence	505756105
5be4c4fb46d1e66b06c26206	Gp0321429	202143.assembled.fna	FASTA nucleotide sequence	505065374
5be5643a46d1e66b06c265dc	Gp0321430	202148.assembled.fna	FASTA nucleotide sequence	411787370
5be55a3046d1e66b06c26590	Gp0321431	202145.assembled.fna	FASTA nucleotide sequence	526649882
5be5607a46d1e66b06c265b6	Gp0321432	202147.assembled.fna	FASTA nucleotide sequence	701008725
5be54c8646d1e66b06c264e5	Gp0321433	202141.assembled.fna	FASTA nucleotide sequence	470239486
5be69f1146d1e66b06c27673	Gp0324006	200974.assembled.fna	FASTA nucleotide sequence	94163500
5bd8a20a46d1e604fecfe480	Gp0324007	200975.assembled.fna	FASTA nucleotide sequence	96089370
5bd2f4bf46d1e64cf8db572c	Gp0324008	200948.assembled.fna	FASTA nucleotide sequence	33907475
5bd5573446d1e64cf8db67ba	Gp0324009	200955.assembled.fna	FASTA nucleotide sequence	37409388
5bd53b5c46d1e64cf8db6724	Gp0324010	200949.assembled.fna	FASTA nucleotide sequence	37415991
5bd53c7a46d1e64cf8db6737	Gp0324011	200950.assembled.fna	FASTA nucleotide sequence	73448591
5be5fa1a46d1e66b06c26c2e	Gp0324033	200971.assembled.fna	FASTA nucleotide sequence	72289521
5bd545de46d1e64cf8db6770	Gp0324034	200953.assembled.fna	FASTA nucleotide sequence	300082835
5be5fba746d1e66b06c26c41	Gp0324035	200972.assembled.fna	FASTA nucleotide sequence	116813713
5bd81b8446d1e604fecfe16a	Gp0324036	200983.assembled.fna	FASTA nucleotide sequence	76393813
5bd81a5746d1e604fecfe157	Gp0324037	200982.assembled.fna	FASTA nucleotide sequence	319303820
5bd8a2fb46d1e604fecfe4ea	Gp0324038	200977.assembled.fna	FASTA nucleotide sequence	54672645
5bd5400746d1e64cf8db674a	Gp0324039	200951.assembled.fna	FASTA nucleotide sequence	378673006
5bd8119246d1e604fecfe0e7	Gp0324040	200978.assembled.fna	FASTA nucleotide sequence	131010424
5bd7b50046d1e604fecfd37e	Gp0324041	200973.assembled.fna	FASTA nucleotide sequence	104154490
5be5f8f546d1e66b06c26c1b	Gp0324042	200970.assembled.fna	FASTA nucleotide sequence	75025199
5bd8502046d1e604fecfe28b	Gp0324043	200966.assembled.fna	FASTA nucleotide sequence	827964188
5bd814d746d1e604fecfe128	Gp0324044	200980.assembled.fna	FASTA nucleotide sequence	74955431
5bd78fc346d1e604fecfcfc2	Gp0324045	200969.assembled.fna	FASTA nucleotide sequence	880441988
5bd5566946d1e64cf8db67a7	Gp0324046	200954.assembled.fna	FASTA nucleotide sequence	344721061
5bd8169046d1e604fecfe13b	Gp0324047	200981.assembled.fna	FASTA nucleotide sequence	81918079
5bd7b6c846d1e604fecfd391	Gp0324048	200976.assembled.fna	FASTA nucleotide sequence	164595574
5bd8138846d1e604fecfe10c	Gp0324049	200979.assembled.fna	FASTA nucleotide sequence	174753128
5be5f71646d1e66b06c26c08	Gp0324050	200967.assembled.fna	FASTA nucleotide sequence	670464745
5bd8a0c146d1e604fecfe45b	Gp0324051	200968.assembled.fna	FASTA nucleotide sequence	177423937
5bd541af46d1e64cf8db675d	Gp0324052	200952.assembled.fna	FASTA nucleotide sequence	137927462
5bd80c9546d1e604fecfe0af	Gp0324053	200944.assembled.fna	FASTA nucleotide sequence	881159853
5bd3c07346d1e64cf8db5d4b	Gp0324054	200942.assembled.fna	FASTA nucleotide sequence	180424992
5bd8100446d1e604fecfe0d4	Gp0324055	200945.assembled.fna	FASTA nucleotide sequence	362331352
5bd3c35346d1e64cf8db5d5e	Gp0324056	200943.assembled.fna	FASTA nucleotide sequence	308903753
5bd8000246d1e604fecfdc99	Gp0324057	200939.assembled.fna	FASTA nucleotide sequence	675528543
5bd3bb7346d1e64cf8db5d1e	Gp0324058	200938.assembled.fna	FASTA nucleotide sequence	269314502
5bd2f28346d1e64cf8db5706	Gp0324059	200946.assembled.fna	FASTA nucleotide sequence	166715560
5bd8050b46d1e604fecfdfbe	Gp0324060	200940.assembled.fna	FASTA nucleotide sequence	567239825
5bd2f3f346d1e64cf8db5719	Gp0324061	200947.assembled.fna	FASTA nucleotide sequence	113286933
5bd3be8746d1e64cf8db5d38	Gp0324062	200941.assembled.fna	FASTA nucleotide sequence	327848328
5bee92cf46d1e61e989e20ac	Gp0331389	203082.assembled.fna	FASTA nucleotide sequence	478666515
5befc37946d1e61e989e27f5	Gp0331390	203081.assembled.fna	FASTA nucleotide sequence	435218931
5beec87446d1e61e989e216a	Gp0331391	203094.assembled.fna	FASTA nucleotide sequence	682682529
5bf1265846d1e61e989e2e59	Gp0331392	203092.assembled.fna	FASTA nucleotide sequence	693008244
5bf0f8c746d1e61e989e2dce	Gp0331393	203093.assembled.fna	FASTA nucleotide sequence	578766910
5bf120b046d1e61e989e2e46	Gp0331394	203091.assembled.fna	FASTA nucleotide sequence	826268068
5c01406946d1e61e989ea39b	Gp0331395	203834.assembled.fna	FASTA nucleotide sequence	345053311
5befee2c46d1e61e989e287a	Gp0331396	203097.assembled.fna	FASTA nucleotide sequence	531112160
5c0ac75146d1e64a530fa7e3	Gp0331397	203677.assembled.fna	FASTA nucleotide sequence	845979060
5beecc4c46d1e61e989e217d	Gp0331398	203095.assembled.fna	FASTA nucleotide sequence	513851379
5bed4bda46d1e61e989e1c7e	Gp0331399	202541.assembled.fna	FASTA nucleotide sequence	696636554
5beff23f46d1e61e989e288d	Gp0331400	203098.assembled.fna	FASTA nucleotide sequence	533753263
5bed586046d1e61e989e1ca6	Gp0331401	202543.assembled.fna	FASTA nucleotide sequence	493367548
5bef6cb346d1e61e989e2637	Gp0331402	203096.assembled.fna	FASTA nucleotide sequence	737273809
5c0942be46d1e64a530f8f24	Gp0331403	203833.assembled.fna	FASTA nucleotide sequence	342928462
5bed510146d1e61e989e1c91	Gp0331404	202542.assembled.fna	FASTA nucleotide sequence	619558615
5bed461346d1e61e989e1c6b	Gp0331405	202540.assembled.fna	FASTA nucleotide sequence	585906617
5bf0062246d1e61e989e28c6	Gp0331406	203101.assembled.fna	FASTA nucleotide sequence	813125926
5beffffe46d1e61e989e28b3	Gp0331407	203100.assembled.fna	FASTA nucleotide sequence	697757601
5c0acdda46d1e64a530fa7f6	Gp0331408	203678.assembled.fna	FASTA nucleotide sequence	829963508
5bef52d346d1e61e989e25d5	Gp0331409	203102.assembled.fna	FASTA nucleotide sequence	523439747
5beffa2c46d1e61e989e28a0	Gp0331410	203099.assembled.fna	FASTA nucleotide sequence	923336865
5be2c8a346d1e66b06c25995	Gp0331411	202114.assembled.fna	FASTA nucleotide sequence	584383974
5be2e58a46d1e66b06c259bf	Gp0331412	202113.assembled.fna	FASTA nucleotide sequence	770096799
5be2d6e246d1e66b06c259aa	Gp0331413	202112.assembled.fna	FASTA nucleotide sequence	648748413