file_id	gold_project_id	file_name	file_type_description	file_size
540e31bb0d878503d1a0b65a	Gp0061273	48902.assembled.faa	FASTA amino acid sequence	9816417
53e2a0510d87856ba82b2821	Gp0061274	45824.assembled.faa	FASTA amino acid sequence	42800392
53e29a370d87856ba82b27e0	Gp0061275	45825.assembled.faa	FASTA amino acid sequence	960766
53d880c60d87856ba82affe9	Gp0061276	43178.assembled.faa	FASTA amino acid sequence	2127950
53d880e10d87856ba82b0024	Gp0061277	43184.assembled.faa	FASTA amino acid sequence	2882125
53d880da0d87856ba82b0015	Gp0061278	43179.assembled.faa	FASTA amino acid sequence	2602675
53d880c00d87856ba82affdb	Gp0061279	43180.assembled.faa	FASTA amino acid sequence	2153477
53e29bd60d87856ba82b2807	Gp0061280	45826.assembled.faa	FASTA amino acid sequence	4506777
548376070d87850ddcd6c5ba	Gp0061281	54359.assembled.faa	FASTA amino acid sequence	2618161
53d880d30d87856ba82b0006	Gp0061282	43181.assembled.faa	FASTA amino acid sequence	2436449
53e296670d87856ba82b27bd	Gp0061283	45827.assembled.faa	FASTA amino acid sequence	126786
53d880b90d87856ba82affcd	Gp0061284	43182.assembled.faa	FASTA amino acid sequence	1337578
540e35940d878503d1a0b6a7	Gp0061285	48903.assembled.faa	FASTA amino acid sequence	20286461
53e29acd0d87856ba82b27ed	Gp0061286	45828.assembled.faa	FASTA amino acid sequence	1150609
53d880cc0d87856ba82afff7	Gp0061287	43183.assembled.faa	FASTA amino acid sequence	2207368
540e29c40d878503d1a0b58a	Gp0061288	48901.assembled.faa	FASTA amino acid sequence	610282
53e2999b0d87856ba82b27d3	Gp0061289	45829.assembled.faa	FASTA amino acid sequence	191786
540e2be20d878503d1a0b5cb	Gp0061291	48906.assembled.faa	FASTA amino acid sequence	2202447
540e391a0d878503d1a0b6ce	Gp0061292	48905.assembled.faa	FASTA amino acid sequence	35557439
53e29d630d87856ba82b2814	Gp0061293	45830.assembled.faa	FASTA amino acid sequence	37337301
53e29b420d87856ba82b27fa	Gp0061294	45831.assembled.faa	FASTA amino acid sequence	1763032
5483b5a30d87850ddcd6c705	Gp0061295	54388.assembled.faa	FASTA amino acid sequence	15006083
543efbdd0d87852530dca8f9	Gp0061296	51513.assembled.faa	FASTA amino acid sequence	11245220
54761d780d8785221c609aff	Gp0093306	54262.assembled.faa	FASTA amino acid sequence	40544070
5498dc210d8785565d46e5e8	Gp0093307	55118.assembled.faa	FASTA amino acid sequence	29672841
555dd8800d8785226a63d540	Gp0095966	61529.assembled.faa	FASTA amino acid sequence	7892811
555df7b10d8785226a63d5fc	Gp0095967	61530.assembled.faa	FASTA amino acid sequence	11239516
555df0d70d8785226a63d5c0	Gp0095968	61527.assembled.faa	FASTA amino acid sequence	7390970
555df4090d8785226a63d5e2	Gp0095969	61528.assembled.faa	FASTA amino acid sequence	8620626
549283af0d8785565d46c5a2	Gp0095970	55023.assembled.faa	FASTA amino acid sequence	9240187
5af0d97664d0b3374773e0a0	Gp0095970	188301.assembled.faa	FASTA amino acid sequence	11591784
54b5974b0d8785565d471b1e	Gp0095971	56243.assembled.faa	FASTA amino acid sequence	29023345
5518f7170d878525404e8df5	Gp0095971	59210.assembled.faa	FASTA amino acid sequence	29671078
5af0ec3664d0b3374773e2e4	Gp0095971	188302.assembled.faa	FASTA amino acid sequence	27310161
548587330d87850ddcd6c95a	Gp0095972	55024.assembled.faa	FASTA amino acid sequence	20909727
5af1281464d0b3374773e9b7	Gp0095972	188303.assembled.faa	FASTA amino acid sequence	30319652
549355030d8785565d46c6f5	Gp0095973	55053.assembled.faa	FASTA amino acid sequence	34608475
5af109fe64d0b3374773e5f7	Gp0095973	188304.assembled.faa	FASTA amino acid sequence	38388845
5af44fd364d0b33747747ddb	Gp0108335	188315.assembled.faa	FASTA amino acid sequence	31611232
5af0d91764d0b3374773e07a	Gp0108340	188316.assembled.faa	FASTA amino acid sequence	1381202
5af6f6bd64d0b3374774f9a7	Gp0108341	188317.assembled.faa	FASTA amino acid sequence	184070621
5af0d80364d0b3374773e066	Gp0108342	188318.assembled.faa	FASTA amino acid sequence	4407200
5af65c0864d0b3374774e587	Gp0108344	188319.assembled.faa	FASTA amino acid sequence	173545362
5af575da64d0b3374774a404	Gp0108345	188320.assembled.faa	FASTA amino acid sequence	93078821
5604ee310d87854d7418f2d2	Gp0111276	70941.assembled.faa	FASTA amino acid sequence	299141899
5ad5e91c64d0b33747718355	Gp0111276	185795.assembled.faa	FASTA amino acid sequence	112584812
5607ad800d878540fd6fb068	Gp0111277	70962.assembled.faa	FASTA amino acid sequence	413808669
5ad71f6164d0b33747719331	Gp0111277	185796.assembled.faa	FASTA amino acid sequence	186163986
5604ab6b0d87854d7418f1a4	Gp0111278	70942.assembled.faa	FASTA amino acid sequence	225915319
5ad5e68064d0b3374771832d	Gp0111278	185797.assembled.faa	FASTA amino acid sequence	79277172
560423b60d87854d7418e709	Gp0111279	70943.assembled.faa	FASTA amino acid sequence	212013246
5ad5e68a64d0b33747718340	Gp0111279	185798.assembled.faa	FASTA amino acid sequence	81514978
5607dae70d878540fd6fb09e	Gp0111280	70960.assembled.faa	FASTA amino acid sequence	430280041
5ad756e764d0b33747719447	Gp0111280	185799.assembled.faa	FASTA amino acid sequence	205025258
5608063f0d878540fd6fb0cb	Gp0111281	70963.assembled.faa	FASTA amino acid sequence	447252621
5ad7652564d0b337477194a1	Gp0111281	185800.assembled.faa	FASTA amino acid sequence	209996970
560487e30d87854d7418edc9	Gp0111282	70944.assembled.faa	FASTA amino acid sequence	156418585
5ad5e4f164d0b3374771831a	Gp0111282	185801.assembled.faa	FASTA amino acid sequence	54458957
57247b2f7ded5e4fbeb81f76	Gp0111284	83876.assembled.faa	FASTA amino acid sequence	402342597
56045a100d87854d7418e8b6	Gp0111285	70945.assembled.faa	FASTA amino acid sequence	221541877
5ad5f79364d0b33747718415	Gp0111285	185802.assembled.faa	FASTA amino acid sequence	90939133
560396140d8785306f96e9d5	Gp0111286	70940.assembled.faa	FASTA amino acid sequence	212871673
5ad6ab0964d0b33747719083	Gp0111286	185803.assembled.faa	FASTA amino acid sequence	95624665
5674f3600d878518a8a37618	Gp0111288	76335.assembled.faa	FASTA amino acid sequence	171115929
5ad6ac6e64d0b337477190b1	Gp0111288	185804.assembled.faa	FASTA amino acid sequence	129528904
5606ac1f0d878540fd6fa821	Gp0111289	70961.assembled.faa	FASTA amino acid sequence	188129592
5ad6aadc64d0b33747719068	Gp0111289	185805.assembled.faa	FASTA amino acid sequence	98913357
56091c690d878540fd6fb227	Gp0115664	71196.assembled.faa	FASTA amino acid sequence	35723807
5af0f5b264d0b3374773e3f7	Gp0115664	187181.assembled.faa	FASTA amino acid sequence	12877831
56090d450d878540fd6fb207	Gp0115675	71197.assembled.faa	FASTA amino acid sequence	35997386
5af0f92e64d0b3374773e430	Gp0115675	187182.assembled.faa	FASTA amino acid sequence	13878843
5608ff060d878540fd6fb1e7	Gp0115673	71198.assembled.faa	FASTA amino acid sequence	36825622
5af0f6d964d0b3374773e41d	Gp0115673	187183.assembled.faa	FASTA amino acid sequence	15609124
5603c51e0d8785306f96ea1d	Gp0115677	70188.assembled.faa	FASTA amino acid sequence	223319156
5af4e9ac64d0b33747749cc7	Gp0115677	187184.assembled.faa	FASTA amino acid sequence	73680987
561f13500d878540fd704ca3	Gp0115678	71481.assembled.faa	FASTA amino acid sequence	155550175
5af9e01a64d0b33747751f9e	Gp0115678	187185.assembled.faa	FASTA amino acid sequence	50483112
561ef4010d878540fd704c3e	Gp0115665	71480.assembled.faa	FASTA amino acid sequence	148680419
5af1cbbc64d0b3374773fa04	Gp0115665	187186.assembled.faa	FASTA amino acid sequence	47597040
56092caa0d878540fd6fb247	Gp0115671	71199.assembled.faa	FASTA amino acid sequence	48712056
5af1235964d0b3374773e94b	Gp0115671	187187.assembled.faa	FASTA amino acid sequence	17970325
56093ece0d878540fd6fb26b	Gp0115666	71200.assembled.faa	FASTA amino acid sequence	48875713
5af1399c64d0b3374773eb7f	Gp0115666	187188.assembled.faa	FASTA amino acid sequence	20296623
560acb4e0d878540fd6fbdac	Gp0115669	71201.assembled.faa	FASTA amino acid sequence	48666485
5af9dd2b64d0b33747751f38	Gp0115669	187189.assembled.faa	FASTA amino acid sequence	19110471
560ab92f0d878540fd6fbd43	Gp0115667	71202.assembled.faa	FASTA amino acid sequence	43285379
5af9dcf664d0b33747751f12	Gp0115667	187190.assembled.faa	FASTA amino acid sequence	17192618
5605485f0d87854d7418f3dd	Gp0115676	70953.assembled.faa	FASTA amino acid sequence	87740880
5af1775864d0b3374773f255	Gp0115676	187191.assembled.faa	FASTA amino acid sequence	30169242
5607597e0d878540fd6faed4	Gp0115668	70954.assembled.faa	FASTA amino acid sequence	108278628
5af9dd1964d0b33747751f25	Gp0115668	187192.assembled.faa	FASTA amino acid sequence	32053840
560530200d87854d7418f3ad	Gp0115663	70955.assembled.faa	FASTA amino acid sequence	69427465
5af140ad64d0b3374773ec59	Gp0115663	187193.assembled.faa	FASTA amino acid sequence	22859601
56076d480d878540fd6faf8e	Gp0115670	70956.assembled.faa	FASTA amino acid sequence	71913259
5af11b2964d0b3374773e85e	Gp0115670	187194.assembled.faa	FASTA amino acid sequence	21025334
560785980d878540fd6fafe2	Gp0115672	70957.assembled.faa	FASTA amino acid sequence	92219074
5af12bab64d0b3374773ea12	Gp0115672	187195.assembled.faa	FASTA amino acid sequence	27542583
560518d90d87854d7418f36e	Gp0115674	70952.assembled.faa	FASTA amino acid sequence	66263398
5af1248764d0b3374773e972	Gp0115674	187196.assembled.faa	FASTA amino acid sequence	20559757
560409d30d8785306f96ea96	Gp0115679	70189.assembled.faa	FASTA amino acid sequence	217955616
5af44f6964d0b33747747db1	Gp0115679	187197.assembled.faa	FASTA amino acid sequence	72745084
565df8df0d87851bf73629c4	Gp0115140	74361.assembled.faa	FASTA amino acid sequence	926476
565df8de0d87851bf73629b4	Gp0115142	74359.assembled.faa	FASTA amino acid sequence	927910
565df8f90d87851bf7362af9	Gp0115145	74449.assembled.faa	FASTA amino acid sequence	926291
565df8e70d87851bf7362a10	Gp0115146	74396.assembled.faa	FASTA amino acid sequence	934916
565df8f50d87851bf7362ac4	Gp0115147	74433.assembled.faa	FASTA amino acid sequence	925446
565df8f60d87851bf7362ad3	Gp0115148	74435.assembled.faa	FASTA amino acid sequence	845465
565df8db0d87851bf736298f	Gp0115149	74354.assembled.faa	FASTA amino acid sequence	843324
565df8dd0d87851bf73629ac	Gp0115141	74358.assembled.faa	FASTA amino acid sequence	921804
565df8e50d87851bf73629fa	Gp0115203	74393.assembled.faa	FASTA amino acid sequence	872295
565df8dd0d87851bf73629a5	Gp0115204	74357.assembled.faa	FASTA amino acid sequence	873409
565df8de0d87851bf73629bc	Gp0115205	74360.assembled.faa	FASTA amino acid sequence	872449
565df8db0d87851bf7362987	Gp0115200	74353.assembled.faa	FASTA amino acid sequence	1011733
56783b020d878518a8a37f6f	Gp0115160	75108.assembled.faa	FASTA amino acid sequence	864157
565df8eb0d87851bf7362a3f	Gp0115159	74397.assembled.faa	FASTA amino acid sequence	898970
56362f420d87852aea5e72de	Gp0114941	73114.assembled.faa	FASTA amino acid sequence	1193765
5654b7fa0d878531d71e992c	Gp0115157	73166.assembled.faa	FASTA amino acid sequence	1121631
5654b7f90d878531d71e9925	Gp0115195	73164.assembled.faa	FASTA amino acid sequence	857100
565df8e80d87851bf7362a18	Gp0115135	74398.assembled.faa	FASTA amino acid sequence	1425303
565df8f70d87851bf7362ada	Gp0115158	74436.assembled.faa	FASTA amino acid sequence	923787
565df8dc0d87851bf7362996	Gp0114933	74355.assembled.faa	FASTA amino acid sequence	961812
565df8e60d87851bf7362a01	Gp0114934	74394.assembled.faa	FASTA amino acid sequence	1309900
565df9030d87851bf7362b67	Gp0114939	74448.assembled.faa	FASTA amino acid sequence	652987
565df8da0d87851bf736297f	Gp0115201	73519.assembled.faa	FASTA amino acid sequence	983440
565df8d80d87851bf7362967	Gp0114940	73518.assembled.faa	FASTA amino acid sequence	718168
565df8e80d87851bf7362a20	Gp0115129	74270.assembled.faa	FASTA amino acid sequence	927644
565df8f60d87851bf7362acb	Gp0115137	74434.assembled.faa	FASTA amino acid sequence	844116
565df8e70d87851bf7362a09	Gp0115138	74395.assembled.faa	FASTA amino acid sequence	841753
56e0852d7ded5e7f7b92cab1	Gp0115198	78381.assembled.faa	FASTA amino acid sequence	1197212
565df8e00d87851bf73629cc	Gp0115199	74362.assembled.faa	FASTA amino acid sequence	1208576
5654b83b0d878531d71e9c33	Gp0115194	73520.assembled.faa	FASTA amino acid sequence	1228052
565df8dc0d87851bf736299e	Gp0115197	74356.assembled.faa	FASTA amino acid sequence	1255181
56e08c3a7ded5e7f7b92d455	Gp0114905	79457.assembled.faa	FASTA amino acid sequence	1103883
56e08c367ded5e7f7b92d44e	Gp0114906	79456.assembled.faa	FASTA amino acid sequence	1512418
55e22c750d878556782dae7a	Gp0115954	67574.assembled.faa	FASTA amino acid sequence	90386786
55e249e10d878556782daeca	Gp0115955	67571.assembled.faa	FASTA amino acid sequence	122967629
5638d6570d8785618585cba5	Gp0115956	73565.assembled.faa	FASTA amino acid sequence	131416230
55e285320d878556782daf5f	Gp0115957	67573.assembled.faa	FASTA amino acid sequence	217075471
5638be780d8785618585cb70	Gp0115958	73563.assembled.faa	FASTA amino acid sequence	62416510
55e25eec0d878556782daef0	Gp0115959	67572.assembled.faa	FASTA amino acid sequence	150196096
566ba7180d878518a8a31f9d	Gp0119849	75103.assembled.faa	FASTA amino acid sequence	7076207
5af9d61064d0b33747751e19	Gp0119849	187327.assembled.faa	FASTA amino acid sequence	4570891
565931d60d878531d71ed883	Gp0119850	74800.assembled.faa	FASTA amino acid sequence	6017730
5af084ce64d0b3374773b729	Gp0119850	187328.assembled.faa	FASTA amino acid sequence	3800670
569621270d87851ee97276a8	Gp0119851	77337.assembled.faa	FASTA amino acid sequence	7563869
5af0838964d0b3374773b68a	Gp0119851	187329.assembled.faa	FASTA amino acid sequence	5843698
565931d50d878531d71ed867	Gp0119852	74798.assembled.faa	FASTA amino acid sequence	4547081
5af081b264d0b3374773b5b7	Gp0119852	187330.assembled.faa	FASTA amino acid sequence	3448439
566ba72f0d878518a8a32079	Gp0119853	75179.assembled.faa	FASTA amino acid sequence	13715137
5af9d60664d0b33747751e05	Gp0119853	187331.assembled.faa	FASTA amino acid sequence	10235978
5674f3610d878518a8a37634	Gp0119854	76336.assembled.faa	FASTA amino acid sequence	11561987
5af0867464d0b3374773b971	Gp0119854	187332.assembled.faa	FASTA amino acid sequence	8727693
565243c40d878531d71e8585	Gp0119855	74793.assembled.faa	FASTA amino acid sequence	13166349
5af086f864d0b3374773ba3d	Gp0119855	187333.assembled.faa	FASTA amino acid sequence	9051175
565931c70d878531d71ed7db	Gp0119856	74789.assembled.faa	FASTA amino acid sequence	11546595
5af0a22264d0b3374773cb68	Gp0119856	187353.assembled.faa	FASTA amino acid sequence	4871025
565931d10d878531d71ed82f	Gp0119857	74792.assembled.faa	FASTA amino acid sequence	7362999
5af0975664d0b3374773c31c	Gp0119857	187354.assembled.faa	FASTA amino acid sequence	4377223
566ba71b0d878518a8a31fd5	Gp0119858	75105.assembled.faa	FASTA amino acid sequence	4820954
5af08e0264d0b3374773bdb4	Gp0119858	187355.assembled.faa	FASTA amino acid sequence	2405918
565931c80d878531d71ed7f7	Gp0119859	74790.assembled.faa	FASTA amino acid sequence	5485396
5af08cd264d0b3374773bd74	Gp0119859	187356.assembled.faa	FASTA amino acid sequence	2768931
565931d00d878531d71ed813	Gp0119860	74791.assembled.faa	FASTA amino acid sequence	5494148
5af08df864d0b3374773bda1	Gp0119860	187357.assembled.faa	FASTA amino acid sequence	2853711
566ba7190d878518a8a31fb9	Gp0119861	75104.assembled.faa	FASTA amino acid sequence	4361665
5af08a6364d0b3374773bca8	Gp0119861	187358.assembled.faa	FASTA amino acid sequence	2144600
56960d500d87851ee9727684	Gp0119862	77336.assembled.faa	FASTA amino acid sequence	5252830
5af0904164d0b3374773bf9e	Gp0119862	187359.assembled.faa	FASTA amino acid sequence	2843506
566ba72e0d878518a8a3205d	Gp0119863	75178.assembled.faa	FASTA amino acid sequence	5014740
5af08ba964d0b3374773bd4e	Gp0119863	187360.assembled.faa	FASTA amino acid sequence	2000850
5674f35e0d878518a8a375fc	Gp0119864	76334.assembled.faa	FASTA amino acid sequence	59894681
5af4413864d0b33747747ccd	Gp0119864	187361.assembled.faa	FASTA amino acid sequence	69467707
5695a9ee0d87851ee972757a	Gp0119865	74799.assembled.faa	FASTA amino acid sequence	189282736
5af4bd6a64d0b337477491da	Gp0119865	187362.assembled.faa	FASTA amino acid sequence	113420149
56528ac50d878531d71e865b	Gp0119866	74797.assembled.faa	FASTA amino acid sequence	192762368
5af4a3a464d0b33747748fea	Gp0119866	187363.assembled.faa	FASTA amino acid sequence	108921777
5695c07b0d87851ee97275ce	Gp0119867	75102.assembled.faa	FASTA amino acid sequence	105824356
5af32ea964d0b33747744d71	Gp0119867	187364.assembled.faa	FASTA amino acid sequence	64558538
567e9f2c0d878518a8a3c419	Gp0119868	77073.assembled.faa	FASTA amino acid sequence	536581102
5af6137064d0b3374774ac02	Gp0119868	187365.assembled.faa	FASTA amino acid sequence	187558140
569671730d87851ee9727732	Gp0119869	77333.assembled.faa	FASTA amino acid sequence	12046608
5af0893864d0b3374773bc23	Gp0119869	187366.assembled.faa	FASTA amino acid sequence	886932
56ea1b617ded5e7f7b93416b	Gp0119870	79183.assembled.faa	FASTA amino acid sequence	120179789
5af3cc0d64d0b3374774718f	Gp0119870	187367.assembled.faa	FASTA amino acid sequence	96619040
56ea0ab07ded5e7f7b934059	Gp0119871	79181.assembled.faa	FASTA amino acid sequence	122053751
5af3be3664d0b33747746f4f	Gp0119871	187368.assembled.faa	FASTA amino acid sequence	84607611
576f2a977ded5e34d8294ddd	Gp0127623	90070.assembled.faa	FASTA amino acid sequence	34611569
5af1803864d0b3374773f305	Gp0127623	187214.assembled.faa	FASTA amino acid sequence	31965930
576fe9c27ded5e34d829587e	Gp0127624	90068.assembled.faa	FASTA amino acid sequence	53516867
5af3632364d0b33747745298	Gp0127624	187215.assembled.faa	FASTA amino acid sequence	51468236
5773ab7e7ded5e34d8298bfd	Gp0127625	90072.assembled.faa	FASTA amino acid sequence	84469908
5af516e564d0b33747749f10	Gp0127625	187216.assembled.faa	FASTA amino acid sequence	115619078
57775c4b7ded5e34bd909a49	Gp0127626	90071.assembled.faa	FASTA amino acid sequence	34427936
5af9e47b64d0b3374775203c	Gp0127626	187217.assembled.faa	FASTA amino acid sequence	40630085
576ef0f57ded5e34d829482d	Gp0127627	90090.assembled.faa	FASTA amino acid sequence	15046504
5af104c264d0b3374773e567	Gp0127627	187218.assembled.faa	FASTA amino acid sequence	15231658
577232b47ded5e34d8298485	Gp0127628	90089.assembled.faa	FASTA amino acid sequence	48111935
5af3846564d0b33747745e79	Gp0127628	187219.assembled.faa	FASTA amino acid sequence	50588957
577028287ded5e34d8295bdd	Gp0127629	90067.assembled.faa	FASTA amino acid sequence	59664363
5af4409764d0b33747747cba	Gp0127629	187220.assembled.faa	FASTA amino acid sequence	73586578
576f60fa7ded5e34d82951fc	Gp0127630	90069.assembled.faa	FASTA amino acid sequence	43281724
5af1852e64d0b3374773f38b	Gp0127630	187221.assembled.faa	FASTA amino acid sequence	34583417
57724e407ded5e34d8298573	Gp0127631	90066.assembled.faa	FASTA amino acid sequence	66086181
5af4b46564d0b33747749131	Gp0127631	187222.assembled.faa	FASTA amino acid sequence	76271888
576f4f597ded5e34d829512a	Gp0127632	90080.assembled.faa	FASTA amino acid sequence	42864284
5af9e70364d0b33747752082	Gp0127632	187223.assembled.faa	FASTA amino acid sequence	47007220
57739f487ded5e34d8298bda	Gp0127633	90065.assembled.faa	FASTA amino acid sequence	74306105
5af9f86a64d0b33747752222	Gp0127633	187224.assembled.faa	FASTA amino acid sequence	128676584
576fd50c7ded5e34d8295742	Gp0127634	90088.assembled.faa	FASTA amino acid sequence	52390896
5af1b63f64d0b3374773f7a9	Gp0127634	187225.assembled.faa	FASTA amino acid sequence	44930929
577394cc7ded5e34d8298bb9	Gp0127635	90064.assembled.faa	FASTA amino acid sequence	59221734
5af9f0a464d0b33747752199	Gp0127635	187226.assembled.faa	FASTA amino acid sequence	76067254
576f19127ded5e34d8294d04	Gp0127636	90087.assembled.faa	FASTA amino acid sequence	31033471
5af19c9164d0b3374773f5a0	Gp0127636	187227.assembled.faa	FASTA amino acid sequence	36356692
577008a57ded5e34d8295985	Gp0127637	90063.assembled.faa	FASTA amino acid sequence	58389480
5af4988664d0b33747748799	Gp0127637	187228.assembled.faa	FASTA amino acid sequence	83182985
576f955f7ded5e34d829540f	Gp0127638	90079.assembled.faa	FASTA amino acid sequence	50502844
5af3c82d64d0b337477470fc	Gp0127638	187229.assembled.faa	FASTA amino acid sequence	58754766
577036b67ded5e34d8295c36	Gp0127639	90062.assembled.faa	FASTA amino acid sequence	61680005
5af5001464d0b33747749e03	Gp0127639	187230.assembled.faa	FASTA amino acid sequence	96519203
576f3c987ded5e34d8294f72	Gp0127640	90086.assembled.faa	FASTA amino acid sequence	35662326
5af9e45a64d0b33747752028	Gp0127640	187231.assembled.faa	FASTA amino acid sequence	33430055
57901b047ded5e31abaa0354	Gp0127641	92547.assembled.faa	FASTA amino acid sequence	53647213
576f04427ded5e34d8294a32	Gp0127642	90085.assembled.faa	FASTA amino acid sequence	32775828
5af194b764d0b3374773f4f5	Gp0127642	187232.assembled.faa	FASTA amino acid sequence	32456382
5770181f7ded5e34d8295ac9	Gp0127643	90061.assembled.faa	FASTA amino acid sequence	58662840
5af9eaa564d0b337477520cb	Gp0127643	187233.assembled.faa	FASTA amino acid sequence	98552478
576e96047ded5e34d8293de9	Gp0127644	90081.assembled.faa	FASTA amino acid sequence	13765117
5af445f864d0b33747747d1b	Gp0127644	187234.assembled.faa	FASTA amino acid sequence	69817770
57723fc37ded5e34d8298508	Gp0127645	90060.assembled.faa	FASTA amino acid sequence	30981128
5af35dcb64d0b33747745222	Gp0127645	187235.assembled.faa	FASTA amino acid sequence	51991429
576f6f4f7ded5e34d82952af	Gp0127646	90078.assembled.faa	FASTA amino acid sequence	23616228
5af190bd64d0b3374773f495	Gp0127646	187236.assembled.faa	FASTA amino acid sequence	28577031
576ee29c7ded5e34d829466e	Gp0127647	90077.assembled.faa	FASTA amino acid sequence	28200822
5af11fd964d0b3374773e8e7	Gp0127647	187237.assembled.faa	FASTA amino acid sequence	19874716
576f7cae7ded5e34d8295336	Gp0127648	90084.assembled.faa	FASTA amino acid sequence	44772679
5af3712b64d0b337477456c6	Gp0127648	187238.assembled.faa	FASTA amino acid sequence	47479511
576ffab97ded5e34d829592c	Gp0127649	90076.assembled.faa	FASTA amino acid sequence	56193727
5af403ab64d0b337477477bf	Gp0127649	187239.assembled.faa	FASTA amino acid sequence	64498833
576fc2687ded5e34d8295694	Gp0127651	90075.assembled.faa	FASTA amino acid sequence	52852892
5af1aae864d0b3374773f6d8	Gp0127651	187240.assembled.faa	FASTA amino acid sequence	50865528
57705ebb7ded5e34d8295cec	Gp0127652	90083.assembled.faa	FASTA amino acid sequence	61514480
5af9ec0f64d0b3374775210e	Gp0127652	187241.assembled.faa	FASTA amino acid sequence	71805293
576ed0727ded5e34d82943a4	Gp0127653	90074.assembled.faa	FASTA amino acid sequence	12497020
5af9da9664d0b33747751ed9	Gp0127653	187242.assembled.faa	FASTA amino acid sequence	12044951
57704dc77ded5e34d8295ca5	Gp0127654	90082.assembled.faa	FASTA amino acid sequence	58371414
5af9e62e64d0b33747752066	Gp0127654	187243.assembled.faa	FASTA amino acid sequence	57044648
576fb3627ded5e34d82955be	Gp0127655	90073.assembled.faa	FASTA amino acid sequence	52197063
5af3cc2564d0b337477471a4	Gp0127655	187244.assembled.faa	FASTA amino acid sequence	59463343
576fa5c97ded5e34d82954e3	Gp0127656	90091.assembled.faa	FASTA amino acid sequence	50009947
5af40ed064d0b33747747896	Gp0127656	187245.assembled.faa	FASTA amino acid sequence	65802143
5766c1ce7ded5e34d828f658	Gp0128139	89679.assembled.faa	FASTA amino acid sequence	198415859
5ad6b92564d0b33747719189	Gp0128139	185806.assembled.faa	FASTA amino acid sequence	90353934
5765e0327ded5e34d828ef42	Gp0128140	89680.assembled.faa	FASTA amino acid sequence	154552533
5ad6b8fc64d0b33747719176	Gp0128140	185807.assembled.faa	FASTA amino acid sequence	75195031
57670ab87ded5e34d828f6da	Gp0128141	89681.assembled.faa	FASTA amino acid sequence	181575599
5ad6c70864d0b337477191ce	Gp0128141	185808.assembled.faa	FASTA amino acid sequence	82647499
5766061b7ded5e34d828eff0	Gp0128142	89682.assembled.faa	FASTA amino acid sequence	139921374
5ad5f63764d0b33747718402	Gp0128142	185809.assembled.faa	FASTA amino acid sequence	79830290
5766e6c27ded5e34d828f6af	Gp0128143	89683.assembled.faa	FASTA amino acid sequence	155243279
5ad5f4df64d0b337477183dd	Gp0128143	185810.assembled.faa	FASTA amino acid sequence	73692456
57662fde7ded5e34d828f065	Gp0128144	89684.assembled.faa	FASTA amino acid sequence	145368369
5ad5f39064d0b337477183c5	Gp0128144	185811.assembled.faa	FASTA amino acid sequence	65276494
5905dfa77ded5e1e49fefff9	Gp0146713	126269.assembled.faa	FASTA amino acid sequence	125524930
5797f7d17ded5e31abaa9859	Gp0146715	92711.assembled.faa	FASTA amino acid sequence	56813
5797fa3a7ded5e31abaa986b	Gp0146716	92710.assembled.faa	FASTA amino acid sequence	80327
57db13777ded5e3135ba964d	Gp0146717	97105.assembled.faa	FASTA amino acid sequence	367122
5797fee37ded5e31abaa9888	Gp0146718	92712.assembled.faa	FASTA amino acid sequence	408626
5797fc8c7ded5e31abaa9879	Gp0146719	92713.assembled.faa	FASTA amino acid sequence	163802
57d3a9697ded5e3135ba28d5	Gp0153825	96877.assembled.faa	FASTA amino acid sequence	22082160
5916bc457ded5e1e49004843	Gp0208384	130168.assembled.faa	FASTA amino acid sequence	2131328
58348a7b7ded5e2d305b98b6	Gp0156925	101033.assembled.faa	FASTA amino acid sequence	1222260
581bfe637ded5e427b7b9425	Gp0156924	99381.assembled.faa	FASTA amino acid sequence	1473566
58348a827ded5e2d305b98be	Gp0156926	101034.assembled.faa	FASTA amino acid sequence	1256670
581bfe6e7ded5e427b7b942d	Gp0156922	99401.assembled.faa	FASTA amino acid sequence	1167563
581bfe817ded5e427b7b943d	Gp0156920	99403.assembled.faa	FASTA amino acid sequence	872851
581bfe787ded5e427b7b9435	Gp0156921	99402.assembled.faa	FASTA amino acid sequence	1165350
58d635e87ded5e7a2afc6108	Gp0208560	120488.assembled.faa	FASTA amino acid sequence	453119899
58cf3c3a7ded5e7a2afbca7b	Gp0208561	120481.assembled.faa	FASTA amino acid sequence	560961790
58d0180e7ded5e7a2afbcbf5	Gp0208562	120486.assembled.faa	FASTA amino acid sequence	610082237
58ced6707ded5e7a2afbc9e1	Gp0208563	120487.assembled.faa	FASTA amino acid sequence	442711652
58d635f77ded5e7a2afc6118	Gp0208564	120489.assembled.faa	FASTA amino acid sequence	393221025
58cf2d3f7ded5e7a2afbca65	Gp0208565	120478.assembled.faa	FASTA amino acid sequence	562786195
58cee3cd7ded5e7a2afbca0d	Gp0208566	120491.assembled.faa	FASTA amino acid sequence	507678843
58cef1e67ded5e7a2afbca2b	Gp0208567	120492.assembled.faa	FASTA amino acid sequence	530241632
58d636077ded5e7a2afc6128	Gp0208568	120490.assembled.faa	FASTA amino acid sequence	426109071
58cfe5707ded5e7a2afbcb7d	Gp0208569	120483.assembled.faa	FASTA amino acid sequence	755363496
58d2fae57ded5e7a2afbeac1	Gp0208570	120493.assembled.faa	FASTA amino acid sequence	1945755433
596dc8917ded5e5270ef9803	Gp0208570	141238.assembled.faa	FASTA amino acid sequence	154950426
58d1e4da7ded5e7a2afbdede	Gp0208571	120480.assembled.faa	FASTA amino acid sequence	1637573693
596dc8987ded5e5270ef9812	Gp0208571	141239.assembled.faa	FASTA amino acid sequence	159129823
58d939d27ded5e7a2afc7149	Gp0208572	121300.assembled.faa	FASTA amino acid sequence	1319163388
596dd7fc7ded5e5270ef982c	Gp0208572	141236.assembled.faa	FASTA amino acid sequence	228298589
58d7aa437ded5e7a2afc6ba7	Gp0208573	121299.assembled.faa	FASTA amino acid sequence	1118286319
596dd8b97ded5e5270ef983c	Gp0208573	141237.assembled.faa	FASTA amino acid sequence	239563437
59fd620d7ded5e41c30656ff	Gp0225767	160072.assembled.faa	FASTA amino acid sequence	1098256369
59ffe6077ded5e41c3065cd8	Gp0225768	160574.assembled.faa	FASTA amino acid sequence	1180744447
59fd20357ded5e41c3064c0f	Gp0225769	160107.assembled.faa	FASTA amino acid sequence	982546497
59fd599e7ded5e41c3065654	Gp0225770	160091.assembled.faa	FASTA amino acid sequence	1116840157
59fd3fdf7ded5e41c30654a7	Gp0225771	160108.assembled.faa	FASTA amino acid sequence	1132237689
59e753247ded5e372ecc37c3	Gp0225772	155485.assembled.faa	FASTA amino acid sequence	1148863471
59fd207b7ded5e41c3064c28	Gp0225773	160127.assembled.faa	FASTA amino acid sequence	971214755
5a038bd57ded5e41c3067592	Gp0225774	161050.assembled.faa	FASTA amino acid sequence	1010644242
5a00cd0b7ded5e41c3065e9a	Gp0225775	160573.assembled.faa	FASTA amino acid sequence	1006363397
5a0410d67ded5e41c3067b62	Gp0225776	161057.assembled.faa	FASTA amino acid sequence	939117407
59fccb8d7ded5e41c3064a36	Gp0225777	160068.assembled.faa	FASTA amino acid sequence	1035515104
59fd99167ded5e41c3065940	Gp0225778	160121.assembled.faa	FASTA amino acid sequence	1168552946
59b4f85e7ded5e2f18676b7f	Gp0225779	150861.assembled.faa	FASTA amino acid sequence	870101101
59e70b207ded5e372ecc2d52	Gp0225780	155466.assembled.faa	FASTA amino acid sequence	1057700487
59fd215c7ded5e41c3064c3b	Gp0225781	160126.assembled.faa	FASTA amino acid sequence	1013801002
5a04c2fc7ded5e41c3068082	Gp0225782	161047.assembled.faa	FASTA amino acid sequence	1018118611
59b4f0a57ded5e2f18676aa9	Gp0225783	150865.assembled.faa	FASTA amino acid sequence	957647406
59e5aa987ded5e372ecbe9fe	Gp0225784	155456.assembled.faa	FASTA amino acid sequence	1023005703
59b634617ded5e2f18678bb5	Gp0225785	150866.assembled.faa	FASTA amino acid sequence	1004291529
5a04febf7ded5e41c30681f3	Gp0225786	161055.assembled.faa	FASTA amino acid sequence	1227250395
59b4ee9d7ded5e2f18676a6f	Gp0225787	150863.assembled.faa	FASTA amino acid sequence	915421612
59d3e28a7ded5e58f983b22f	Gp0225788	155455.assembled.faa	FASTA amino acid sequence	548443089
59e5aefb7ded5e372ecbea25	Gp0225789	155492.assembled.faa	FASTA amino acid sequence	863294815
59e597b07ded5e372ecbe95f	Gp0225790	155454.assembled.faa	FASTA amino acid sequence	867692499
59b4dfab7ded5e2f186768e5	Gp0225791	150860.assembled.faa	FASTA amino acid sequence	892747970
59e6c13b7ded5e372ecc0a01	Gp0225792	155471.assembled.faa	FASTA amino acid sequence	928126257
5a0854bd7ded5e41c306ae6e	Gp0225793	161649.assembled.faa	FASTA amino acid sequence	1093911879
5a051cfc7ded5e41c30682a0	Gp0225794	161058.assembled.faa	FASTA amino acid sequence	1126174822
59c3fd1f7ded5e2f1868b814	Gp0225046	152877.assembled.faa	FASTA amino acid sequence	2817965
59ca2a4c7ded5e2f1869020d	Gp0225047	152872.assembled.faa	FASTA amino acid sequence	2060077
59ca43dc7ded5e2f18690516	Gp0225048	152895.assembled.faa	FASTA amino acid sequence	2382192
59ca1ab67ded5e2f1868fb82	Gp0225049	152894.assembled.faa	FASTA amino acid sequence	1858503
59c3f1857ded5e2f1868b6f7	Gp0225050	152893.assembled.faa	FASTA amino acid sequence	2310616
59c3d2ca7ded5e2f1868b5e1	Gp0225051	152900.assembled.faa	FASTA amino acid sequence	1863415
59ca02537ded5e2f1868f4aa	Gp0225052	152898.assembled.faa	FASTA amino acid sequence	1254049
59ca45117ded5e2f18690528	Gp0225054	152902.assembled.faa	FASTA amino acid sequence	2588051
59ca2bb47ded5e2f18690224	Gp0225055	152909.assembled.faa	FASTA amino acid sequence	2163900
59ca793c7ded5e2f1869095e	Gp0225056	152888.assembled.faa	FASTA amino acid sequence	3756690
59ca17aa7ded5e2f1868f92b	Gp0225057	152890.assembled.faa	FASTA amino acid sequence	1959784
59ca1bed7ded5e2f1868fc69	Gp0225058	152911.assembled.faa	FASTA amino acid sequence	1951306
59ca09947ded5e2f1868f544	Gp0225059	152915.assembled.faa	FASTA amino acid sequence	1495100
59ca47507ded5e2f1869056f	Gp0225060	152899.assembled.faa	FASTA amino acid sequence	2535276
59ca100a7ded5e2f1868f626	Gp0225061	152903.assembled.faa	FASTA amino acid sequence	1748107
59ca0d2e7ded5e2f1868f577	Gp0225062	152889.assembled.faa	FASTA amino acid sequence	1475018
59ca3e3f7ded5e2f18690462	Gp0225063	152886.assembled.faa	FASTA amino acid sequence	2399997
59ca268a7ded5e2f186901a9	Gp0225064	152912.assembled.faa	FASTA amino acid sequence	2038820
59ca30277ded5e2f186902ac	Gp0225065	152856.assembled.faa	FASTA amino acid sequence	2282864
59c429cb7ded5e2f1868ba2b	Gp0225066	152850.assembled.faa	FASTA amino acid sequence	3983562
59ca51de7ded5e2f1869065c	Gp0225067	152864.assembled.faa	FASTA amino acid sequence	2985193
59ca49b27ded5e2f186905b2	Gp0225068	152866.assembled.faa	FASTA amino acid sequence	2790626
59ca60c87ded5e2f1869075a	Gp0225069	152873.assembled.faa	FASTA amino acid sequence	3335677
59ca25497ded5e2f1869015d	Gp0225070	152881.assembled.faa	FASTA amino acid sequence	2208057
59ca93c07ded5e2f18690a0b	Gp0225071	152855.assembled.faa	FASTA amino acid sequence	4686869
59ca179e7ded5e2f1868f911	Gp0225072	152857.assembled.faa	FASTA amino acid sequence	1861329
59ca5a2e7ded5e2f186906f3	Gp0225073	152860.assembled.faa	FASTA amino acid sequence	2895022
59c3ea2d7ded5e2f1868b6bd	Gp0225074	152913.assembled.faa	FASTA amino acid sequence	2435481
59c3f3bc7ded5e2f1868b75f	Gp0225075	152868.assembled.faa	FASTA amino acid sequence	2542390
59ca7fc67ded5e2f186909b2	Gp0225076	152874.assembled.faa	FASTA amino acid sequence	4037666
59ca0d377ded5e2f1868f589	Gp0225077	152875.assembled.faa	FASTA amino acid sequence	1616317
59c2708a7ded5e2f1868ab4c	Gp0225078	152636.assembled.faa	FASTA amino acid sequence	1411257
59ca38157ded5e2f18690378	Gp0225079	152852.assembled.faa	FASTA amino acid sequence	2305976
59c3d0af7ded5e2f1868b5cf	Gp0225080	152858.assembled.faa	FASTA amino acid sequence	1663248
59c430e87ded5e2f1868ba88	Gp0225081	152862.assembled.faa	FASTA amino acid sequence	4843357
59c9ff857ded5e2f1868f433	Gp0225082	152884.assembled.faa	FASTA amino acid sequence	1194389
59ca59997ded5e2f186906e2	Gp0225083	152876.assembled.faa	FASTA amino acid sequence	3194386
59ca53077ded5e2f1869067e	Gp0225084	152896.assembled.faa	FASTA amino acid sequence	2937440
59ca541b7ded5e2f18690690	Gp0225085	152891.assembled.faa	FASTA amino acid sequence	3047110
59c3c3287ded5e2f1868b55f	Gp0225086	152854.assembled.faa	FASTA amino acid sequence	810019
59c411c77ded5e2f1868b973	Gp0225087	152853.assembled.faa	FASTA amino acid sequence	3603225
59ca6e2f7ded5e2f186908c7	Gp0225088	152871.assembled.faa	FASTA amino acid sequence	3442944
59c9ff7b7ded5e2f1868f421	Gp0225089	152863.assembled.faa	FASTA amino acid sequence	1159632
59ca7c807ded5e2f18690977	Gp0225090	152879.assembled.faa	FASTA amino acid sequence	3830380
59c3fac27ded5e2f1868b801	Gp0225091	152883.assembled.faa	FASTA amino acid sequence	2596435
59ca1a3f7ded5e2f1868fb24	Gp0225092	152633.assembled.faa	FASTA amino acid sequence	1850434
59ca24307ded5e2f18690071	Gp0225093	152851.assembled.faa	FASTA amino acid sequence	2031360
59ca29be7ded5e2f186901fb	Gp0225094	152861.assembled.faa	FASTA amino acid sequence	2127492
59ca90737ded5e2f186909e6	Gp0225095	152869.assembled.faa	FASTA amino acid sequence	4036145
59ca97317ded5e2f18690a49	Gp0225096	152907.assembled.faa	FASTA amino acid sequence	4275087
59ca4b897ded5e2f186905d4	Gp0225097	152887.assembled.faa	FASTA amino acid sequence	2857417
59c3c9dc7ded5e2f1868b59a	Gp0225098	152878.assembled.faa	FASTA amino acid sequence	1437189
59ca90897ded5e2f186909f8	Gp0225099	152880.assembled.faa	FASTA amino acid sequence	4383843
59ca4e647ded5e2f18690622	Gp0225100	152635.assembled.faa	FASTA amino acid sequence	2959373
59ca05c57ded5e2f1868f4f6	Gp0225101	152892.assembled.faa	FASTA amino acid sequence	1465876
59c4269e7ded5e2f1868ba11	Gp0225102	152885.assembled.faa	FASTA amino acid sequence	4038381
59c401de7ded5e2f1868b840	Gp0225103	152904.assembled.faa	FASTA amino acid sequence	3014426
59ca2db47ded5e2f18690257	Gp0225104	152849.assembled.faa	FASTA amino acid sequence	2349278
59c3c7c87ded5e2f1868b586	Gp0225105	152859.assembled.faa	FASTA amino acid sequence	1295811
59c406db7ded5e2f1868b8d4	Gp0225106	152870.assembled.faa	FASTA amino acid sequence	3140208
59c285e37ded5e2f1868abdb	Gp0225107	152637.assembled.faa	FASTA amino acid sequence	4174373
59ca97457ded5e2f18690a5b	Gp0225108	152630.assembled.faa	FASTA amino acid sequence	4718035
59c3deb77ded5e2f1868b65f	Gp0225109	152865.assembled.faa	FASTA amino acid sequence	2157788
59ca46297ded5e2f1869053a	Gp0225110	152622.assembled.faa	FASTA amino acid sequence	2784751
59ca104c7ded5e2f1868f64c	Gp0225111	152882.assembled.faa	FASTA amino acid sequence	1722510
59ca5d927ded5e2f18690734	Gp0225112	152624.assembled.faa	FASTA amino acid sequence	3109529
59ca14257ded5e2f1868f7cd	Gp0225113	152617.assembled.faa	FASTA amino acid sequence	1713659
59ca57907ded5e2f186906c7	Gp0225114	152625.assembled.faa	FASTA amino acid sequence	3111161
59ca71f07ded5e2f186908f3	Gp0225115	152634.assembled.faa	FASTA amino acid sequence	3999651
59ca5eeb7ded5e2f18690746	Gp0225116	152632.assembled.faa	FASTA amino acid sequence	3338593
59c283a67ded5e2f1868abc2	Gp0225117	152628.assembled.faa	FASTA amino acid sequence	3338058
59ca39a47ded5e2f186903cf	Gp0225118	152626.assembled.faa	FASTA amino acid sequence	2228432
59ca3d7d7ded5e2f18690449	Gp0225119	152905.assembled.faa	FASTA amino acid sequence	2373691
59ca6dd97ded5e2f186908b5	Gp0225120	152901.assembled.faa	FASTA amino acid sequence	3647848
59c276147ded5e2f1868ab65	Gp0225121	152618.assembled.faa	FASTA amino acid sequence	1833409
59c27a887ded5e2f1868ab7d	Gp0225122	152620.assembled.faa	FASTA amino acid sequence	2798634
59ca56787ded5e2f186906b5	Gp0225123	152627.assembled.faa	FASTA amino acid sequence	3071426
59ca99667ded5e2f18690a93	Gp0225124	152906.assembled.faa	FASTA amino acid sequence	4444383
59ca75977ded5e2f1869090a	Gp0225125	152631.assembled.faa	FASTA amino acid sequence	3716401
59c27f097ded5e2f1868ab92	Gp0225126	152629.assembled.faa	FASTA amino acid sequence	2953364
59ca4d457ded5e2f186905f8	Gp0225127	152616.assembled.faa	FASTA amino acid sequence	2960844
59c281867ded5e2f1868abab	Gp0225128	152619.assembled.faa	FASTA amino acid sequence	3152336
59ca93e87ded5e2f18690a1d	Gp0225129	152623.assembled.faa	FASTA amino acid sequence	3992771
59c287127ded5e2f1868abed	Gp0225130	152621.assembled.faa	FASTA amino acid sequence	5696346
59ca36627ded5e2f18690346	Gp0225131	152897.assembled.faa	FASTA amino acid sequence	2442073
59c9fb497ded5e2f1868f3a3	Gp0225132	152848.assembled.faa	FASTA amino acid sequence	750293
59ca7c937ded5e2f18690989	Gp0225133	152867.assembled.faa	FASTA amino acid sequence	4020291
59c3d7b57ded5e2f1868b617	Gp0225134	152908.assembled.faa	FASTA amino acid sequence	1978233
59ca097f7ded5e2f1868f533	Gp0225135	152910.assembled.faa	FASTA amino acid sequence	1560246
59c3d9aa7ded5e2f1868b629	Gp0225136	152914.assembled.faa	FASTA amino acid sequence	1991141
59ca27ab7ded5e2f186901bb	Gp0225138	152952.assembled.faa	FASTA amino acid sequence	2138011
59c57c547ded5e2f1868c709	Gp0225139	153248.assembled.faa	FASTA amino acid sequence	2934836
59c5653f7ded5e2f1868c648	Gp0225140	153258.assembled.faa	FASTA amino acid sequence	2815991
59c517de7ded5e2f1868c27a	Gp0225141	153245.assembled.faa	FASTA amino acid sequence	1070901
59c419ff7ded5e2f1868b9aa	Gp0225142	152960.assembled.faa	FASTA amino acid sequence	3584141
59c5adbe7ded5e2f1868ca00	Gp0225143	153246.assembled.faa	FASTA amino acid sequence	3896985
59c5132f7ded5e2f1868c253	Gp0225144	153257.assembled.faa	FASTA amino acid sequence	660988
59ca1f867ded5e2f1868fe0b	Gp0225146	152953.assembled.faa	FASTA amino acid sequence	2018986
59c4045f7ded5e2f1868b85c	Gp0225147	152967.assembled.faa	FASTA amino acid sequence	3061316
59c3e5b17ded5e2f1868b69a	Gp0225148	152969.assembled.faa	FASTA amino acid sequence	2220911
59c3ecaa7ded5e2f1868b6cf	Gp0225149	152972.assembled.faa	FASTA amino acid sequence	2259058
59c59f9d7ded5e2f1868c958	Gp0225150	153237.assembled.faa	FASTA amino acid sequence	3719856
59c3c0397ded5e2f1868b54e	Gp0225151	152948.assembled.faa	FASTA amino acid sequence	603131
59c550457ded5e2f1868c54b	Gp0225152	153235.assembled.faa	FASTA amino acid sequence	2502496
59c3c4e77ded5e2f1868b570	Gp0225153	152936.assembled.faa	FASTA amino acid sequence	1263096
59c58ce47ded5e2f1868c7b6	Gp0225154	153242.assembled.faa	FASTA amino acid sequence	3200987
59c41fa47ded5e2f1868b9dd	Gp0225155	152959.assembled.faa	FASTA amino acid sequence	3939102
59ca3f287ded5e2f1869047b	Gp0225156	152981.assembled.faa	FASTA amino acid sequence	2534200
59ca71dc7ded5e2f186908e2	Gp0225157	152940.assembled.faa	FASTA amino acid sequence	3533319
59c3dc227ded5e2f1868b64c	Gp0225158	152935.assembled.faa	FASTA amino acid sequence	1957176
59ca05ba7ded5e2f1868f4e5	Gp0225159	152951.assembled.faa	FASTA amino acid sequence	1208932
59c3cc197ded5e2f1868b5ac	Gp0225160	152979.assembled.faa	FASTA amino acid sequence	1681971
59c3e1277ded5e2f1868b671	Gp0225161	152943.assembled.faa	FASTA amino acid sequence	2085853
59ca2ca57ded5e2f18690245	Gp0225162	152949.assembled.faa	FASTA amino acid sequence	2210488
59c3ef167ded5e2f1868b6e1	Gp0225163	152956.assembled.faa	FASTA amino acid sequence	2350074
59ca67c27ded5e2f186907b4	Gp0225164	152933.assembled.faa	FASTA amino acid sequence	3477232
59ca3bbd7ded5e2f18690427	Gp0225165	152942.assembled.faa	FASTA amino acid sequence	2362409
59c9fb027ded5e2f1868f378	Gp0225166	152938.assembled.faa	FASTA amino acid sequence	795015
59ca33a97ded5e2f18690313	Gp0225167	152945.assembled.faa	FASTA amino acid sequence	2305305
59c3dadd7ded5e2f1868b63b	Gp0225168	152957.assembled.faa	FASTA amino acid sequence	1951271
59ca554b7ded5e2f186906a2	Gp0225169	152931.assembled.faa	FASTA amino acid sequence	2989862
59c3e3647ded5e2f1868b687	Gp0225170	152950.assembled.faa	FASTA amino acid sequence	2290501
59ca4f827ded5e2f18690638	Gp0225171	152962.assembled.faa	FASTA amino acid sequence	2836466
59ca42a27ded5e2f186904fc	Gp0225172	152934.assembled.faa	FASTA amino acid sequence	2459948
59c415d67ded5e2f1868b985	Gp0225173	152930.assembled.faa	FASTA amino acid sequence	3530511
59ca3a7b7ded5e2f186903ef	Gp0225174	152976.assembled.faa	FASTA amino acid sequence	2557424
59ca40577ded5e2f186904a5	Gp0225175	152961.assembled.faa	FASTA amino acid sequence	2277705
59ca22ec7ded5e2f1868ff5e	Gp0225176	152947.assembled.faa	FASTA amino acid sequence	1986770
59ca1e5c7ded5e2f1868fdf8	Gp0225177	152944.assembled.faa	FASTA amino acid sequence	2006845
59c3e7db7ded5e2f1868b6ab	Gp0225178	152955.assembled.faa	FASTA amino acid sequence	2363808
59c570ae7ded5e2f1868c6a7	Gp0225179	153249.assembled.faa	FASTA amino acid sequence	2733319
59ca4c2e7ded5e2f186905e6	Gp0225180	152941.assembled.faa	FASTA amino acid sequence	2857164
59ca33797ded5e2f18690300	Gp0225181	152929.assembled.faa	FASTA amino acid sequence	2388007
59c3d51f7ded5e2f1868b5fe	Gp0225182	152939.assembled.faa	FASTA amino acid sequence	1885087
59ca63667ded5e2f18690772	Gp0225183	152946.assembled.faa	FASTA amino acid sequence	3359503
59c52a3b7ded5e2f1868c32f	Gp0225184	153244.assembled.faa	FASTA amino acid sequence	1735565
59ca210c7ded5e2f1868fe1d	Gp0225185	152937.assembled.faa	FASTA amino acid sequence	2057069
59ca63aa7ded5e2f18690786	Gp0225186	152932.assembled.faa	FASTA amino acid sequence	3326636
59ca75a27ded5e2f1869091c	Gp0225187	152924.assembled.faa	FASTA amino acid sequence	4024693
59c40bf97ded5e2f1868b8f9	Gp0225188	152922.assembled.faa	FASTA amino acid sequence	3333762
59c41cc37ded5e2f1868b9c2	Gp0225189	152923.assembled.faa	FASTA amino acid sequence	3698626
59c3ff7d7ded5e2f1868b82b	Gp0225190	152918.assembled.faa	FASTA amino acid sequence	2878066
59ca6a677ded5e2f186907ef	Gp0225191	152921.assembled.faa	FASTA amino acid sequence	3453751
59ca02487ded5e2f1868f498	Gp0225192	152963.assembled.faa	FASTA amino acid sequence	1145030
59c5b0007ded5e2f1868ca15	Gp0225193	153251.assembled.faa	FASTA amino acid sequence	3865177
59c59ac07ded5e2f1868c917	Gp0225194	153253.assembled.faa	FASTA amino acid sequence	3600377
59c57e9d7ded5e2f1868c71b	Gp0225195	153243.assembled.faa	FASTA amino acid sequence	2963723
59c3ce347ded5e2f1868b5bd	Gp0225196	152978.assembled.faa	FASTA amino acid sequence	1685630
59ca36c87ded5e2f1869035b	Gp0225197	152982.assembled.faa	FASTA amino acid sequence	2317590
59c409677ded5e2f1868b8e7	Gp0225198	152965.assembled.faa	FASTA amino acid sequence	3272398
59c569eb7ded5e2f1868c66c	Gp0225199	153239.assembled.faa	FASTA amino acid sequence	2680305
59c56c1e7ded5e2f1868c682	Gp0225200	153236.assembled.faa	FASTA amino acid sequence	2742094
59c5a9067ded5e2f1868c9da	Gp0225201	153240.assembled.faa	FASTA amino acid sequence	3909163
59c3f86f7ded5e2f1868b7cc	Gp0225202	152954.assembled.faa	FASTA amino acid sequence	2476348
59ca416f7ded5e2f186904c4	Gp0225203	152974.assembled.faa	FASTA amino acid sequence	2600297
59ca6acc7ded5e2f18690801	Gp0225204	152966.assembled.faa	FASTA amino acid sequence	3543373
59ca140d7ded5e2f1868f7bb	Gp0225205	152977.assembled.faa	FASTA amino acid sequence	1746474
59c578007ded5e2f1868c6e1	Gp0225206	153250.assembled.faa	FASTA amino acid sequence	2845595
59c588627ded5e2f1868c793	Gp0225207	153247.assembled.faa	FASTA amino acid sequence	3052610
59c57a157ded5e2f1868c6f7	Gp0225208	153252.assembled.faa	FASTA amino acid sequence	2750424
59ca21db7ded5e2f1868fe82	Gp0225209	152975.assembled.faa	FASTA amino acid sequence	2099890
59ca5c617ded5e2f1869071e	Gp0225210	152968.assembled.faa	FASTA amino acid sequence	3293768
59c40df47ded5e2f1868b93f	Gp0225211	152971.assembled.faa	FASTA amino acid sequence	3418189
59c585db7ded5e2f1868c77c	Gp0225212	153255.assembled.faa	FASTA amino acid sequence	2867489
59c53ae17ded5e2f1868c3f7	Gp0225213	153238.assembled.faa	FASTA amino acid sequence	2021535
59c59d1e7ded5e2f1868c92c	Gp0225214	153241.assembled.faa	FASTA amino acid sequence	3734639
59c42e457ded5e2f1868ba75	Gp0225215	152958.assembled.faa	FASTA amino acid sequence	4378339
59ca790b7ded5e2f1869094c	Gp0225216	152980.assembled.faa	FASTA amino acid sequence	3978818
59c422c27ded5e2f1868b9fa	Gp0225217	152973.assembled.faa	FASTA amino acid sequence	4041339
59ca48b57ded5e2f186905a0	Gp0225218	152970.assembled.faa	FASTA amino acid sequence	2805966
59c552987ded5e2f1868c55f	Gp0225219	153259.assembled.faa	FASTA amino acid sequence	2355878
59c591a77ded5e2f1868c7f2	Gp0225220	153254.assembled.faa	FASTA amino acid sequence	3428267
59c58aa47ded5e2f1868c7a5	Gp0225221	153256.assembled.faa	FASTA amino acid sequence	3027371
59ca67cd7ded5e2f186907c6	Gp0225222	152964.assembled.faa	FASTA amino acid sequence	3496385
59ca7f8d7ded5e2f186909a0	Gp0225223	152917.assembled.faa	FASTA amino acid sequence	4332970
59ca1d277ded5e2f1868fd46	Gp0225224	152925.assembled.faa	FASTA amino acid sequence	1986744
59ca30a67ded5e2f186902c2	Gp0225225	152927.assembled.faa	FASTA amino acid sequence	2365732
59c3f6047ded5e2f1868b7bb	Gp0225226	152920.assembled.faa	FASTA amino acid sequence	2459665
59ca509b7ded5e2f1869064a	Gp0225227	152919.assembled.faa	FASTA amino acid sequence	3054982
59ca5b2c7ded5e2f18690704	Gp0225228	152926.assembled.faa	FASTA amino acid sequence	3347371
59c70e8f7ded5e2f1868dfc9	Gp0225230	153477.assembled.faa	FASTA amino acid sequence	2270120
59c6ae7f7ded5e2f1868dc7b	Gp0225231	153463.assembled.faa	FASTA amino acid sequence	1644809
59c6903c7ded5e2f1868db8d	Gp0225232	153494.assembled.faa	FASTA amino acid sequence	1371558
59c5b6f07ded5e2f1868ca62	Gp0225233	153312.assembled.faa	FASTA amino acid sequence	4253635
59c773697ded5e2f1868e2e0	Gp0225234	153493.assembled.faa	FASTA amino acid sequence	3446012
59c5155d7ded5e2f1868c264	Gp0225235	153306.assembled.faa	FASTA amino acid sequence	867543
59c66ebc7ded5e2f1868da8c	Gp0225236	153491.assembled.faa	FASTA amino acid sequence	978991
59c521707ded5e2f1868c2d0	Gp0225238	153277.assembled.faa	FASTA amino acid sequence	1387357
59c548f57ded5e2f1868c506	Gp0225239	153281.assembled.faa	FASTA amino acid sequence	2212049
59c583b07ded5e2f1868c73d	Gp0225240	153263.assembled.faa	FASTA amino acid sequence	3028934
59c541dc7ded5e2f1868c46a	Gp0225241	153276.assembled.faa	FASTA amino acid sequence	1924462
59c544247ded5e2f1868c486	Gp0225242	153283.assembled.faa	FASTA amino acid sequence	2017811
59c5b47a7ded5e2f1868ca50	Gp0225243	153286.assembled.faa	FASTA amino acid sequence	4189214
59c55ba17ded5e2f1868c5f6	Gp0225244	153267.assembled.faa	FASTA amino acid sequence	2348702
59c6fbb57ded5e2f1868df37	Gp0225245	153499.assembled.faa	FASTA amino acid sequence	2144655
59c6cf137ded5e2f1868ddd9	Gp0225246	153485.assembled.faa	FASTA amino acid sequence	1881387
59c688dc7ded5e2f1868db56	Gp0225247	153480.assembled.faa	FASTA amino acid sequence	1242735
59c71a017ded5e2f1868e024	Gp0225248	153467.assembled.faa	FASTA amino acid sequence	2318074
59c77ef47ded5e2f1868e33d	Gp0225249	153478.assembled.faa	FASTA amino acid sequence	3531307
59c554ba7ded5e2f1868c573	Gp0225250	153309.assembled.faa	FASTA amino acid sequence	2502802
59c77c987ded5e2f1868e32b	Gp0225251	153482.assembled.faa	FASTA amino acid sequence	3478677
59c77a3c7ded5e2f1868e319	Gp0225252	153498.assembled.faa	FASTA amino acid sequence	3591282
59c673bc7ded5e2f1868daae	Gp0225253	153481.assembled.faa	FASTA amino acid sequence	1039738
59c6e8f17ded5e2f1868dea6	Gp0225254	153473.assembled.faa	FASTA amino acid sequence	1890033
59c715497ded5e2f1868e001	Gp0225255	153474.assembled.faa	FASTA amino acid sequence	2271657
59c721037ded5e2f1868e05e	Gp0225256	153468.assembled.faa	FASTA amino acid sequence	2474030
59c6d8b67ded5e2f1868de20	Gp0225258	153497.assembled.faa	FASTA amino acid sequence	1896081
59c759767ded5e2f1868e218	Gp0225259	153487.assembled.faa	FASTA amino acid sequence	2945450
59c777e07ded5e2f1868e307	Gp0225260	153489.assembled.faa	FASTA amino acid sequence	3392751
59c69b707ded5e2f1868dbed	Gp0225261	153479.assembled.faa	FASTA amino acid sequence	1472696
59c6b7ba7ded5e2f1868dcc5	Gp0225262	153465.assembled.faa	FASTA amino acid sequence	1677223
59c73d327ded5e2f1868e13d	Gp0225263	153466.assembled.faa	FASTA amino acid sequence	2518540
59c6eb8f7ded5e2f1868deb8	Gp0225264	153471.assembled.faa	FASTA amino acid sequence	2024736
59c749057ded5e2f1868e195	Gp0225265	153501.assembled.faa	FASTA amino acid sequence	2687479
59c73f887ded5e2f1868e14f	Gp0225266	153495.assembled.faa	FASTA amino acid sequence	2506974
59c75e267ded5e2f1868e23c	Gp0225267	153486.assembled.faa	FASTA amino acid sequence	3040289
59c7009d7ded5e2f1868df5a	Gp0225268	153469.assembled.faa	FASTA amino acid sequence	2153936
59c692b07ded5e2f1868dba0	Gp0225269	153472.assembled.faa	FASTA amino acid sequence	1371264
59c6c86f7ded5e2f1868dda1	Gp0225270	153476.assembled.faa	FASTA amino acid sequence	1758734
59c6f4be7ded5e2f1868defe	Gp0225271	153483.assembled.faa	FASTA amino acid sequence	2108476
59c7099b7ded5e2f1868dfa5	Gp0225272	153500.assembled.faa	FASTA amino acid sequence	2149273
59c74b5c7ded5e2f1868e1aa	Gp0225273	153496.assembled.faa	FASTA amino acid sequence	2589106
59c5a20b7ded5e2f1868c9b2	Gp0225274	153307.assembled.faa	FASTA amino acid sequence	3570552
59c775907ded5e2f1868e2f5	Gp0225275	153464.assembled.faa	FASTA amino acid sequence	3367698
59c783ef7ded5e2f1868e365	Gp0225276	153470.assembled.faa	FASTA amino acid sequence	3709892
59c52ca27ded5e2f1868c353	Gp0225277	153261.assembled.faa	FASTA amino acid sequence	1617521
59c52f6e7ded5e2f1868c365	Gp0225278	153274.assembled.faa	FASTA amino acid sequence	1800081
59c525ac7ded5e2f1868c2fe	Gp0225279	153280.assembled.faa	FASTA amino acid sequence	1637428
59c55a007ded5e2f1868c5e4	Gp0225280	153287.assembled.faa	FASTA amino acid sequence	2474277
59c596297ded5e2f1868c885	Gp0225281	153282.assembled.faa	FASTA amino acid sequence	3381615
59c51ea87ded5e2f1868c2b3	Gp0225282	153260.assembled.faa	FASTA amino acid sequence	1454372
59c5b2397ded5e2f1868ca2b	Gp0225283	153278.assembled.faa	FASTA amino acid sequence	3926112
59c575fa7ded5e2f1868c6cc	Gp0225284	153308.assembled.faa	FASTA amino acid sequence	2969961
59c54bd97ded5e2f1868c521	Gp0225285	153262.assembled.faa	FASTA amino acid sequence	2340065
59c531ae7ded5e2f1868c377	Gp0225286	153269.assembled.faa	FASTA amino acid sequence	1754158
59c55de97ded5e2f1868c60c	Gp0225287	153272.assembled.faa	FASTA amino acid sequence	2634113
59c562e37ded5e2f1868c636	Gp0225288	153284.assembled.faa	FASTA amino acid sequence	2423789
59c5b94c7ded5e2f1868ca77	Gp0225289	153268.assembled.faa	FASTA amino acid sequence	4627477
59c58f327ded5e2f1868c7c8	Gp0225290	153285.assembled.faa	FASTA amino acid sequence	3285300
59c560327ded5e2f1868c624	Gp0225291	153264.assembled.faa	FASTA amino acid sequence	2490424
59c598857ded5e2f1868c897	Gp0225292	153279.assembled.faa	FASTA amino acid sequence	3423572
59c53f867ded5e2f1868c43e	Gp0225293	153311.assembled.faa	FASTA amino acid sequence	1998484
59c546717ded5e2f1868c4c8	Gp0225294	153310.assembled.faa	FASTA amino acid sequence	2122521
59c51a487ded5e2f1868c28b	Gp0225295	153304.assembled.faa	FASTA amino acid sequence	1150547
59c523b07ded5e2f1868c2e7	Gp0225296	153300.assembled.faa	FASTA amino acid sequence	1398452
59c54da37ded5e2f1868c535	Gp0225297	153299.assembled.faa	FASTA amino acid sequence	2358974
59c9fb6a7ded5e2f1868f3c5	Gp0225298	153303.assembled.faa	FASTA amino acid sequence	3678788
59c557227ded5e2f1868c5cd	Gp0225299	153302.assembled.faa	FASTA amino acid sequence	2595164
59c5bbe67ded5e2f1868ca89	Gp0225300	153301.assembled.faa	FASTA amino acid sequence	4739608
59c538677ded5e2f1868c3c2	Gp0225301	153305.assembled.faa	FASTA amino acid sequence	1717152
59c53d9f7ded5e2f1868c419	Gp0225302	153291.assembled.faa	FASTA amino acid sequence	1879205
59c527dd7ded5e2f1868c31a	Gp0225303	153292.assembled.faa	FASTA amino acid sequence	1515497
59c5ab427ded5e2f1868c9ee	Gp0225304	153294.assembled.faa	FASTA amino acid sequence	3880235
59c5a4477ded5e2f1868c9c8	Gp0225305	153290.assembled.faa	FASTA amino acid sequence	3625899
59c593f87ded5e2f1868c86e	Gp0225306	153288.assembled.faa	FASTA amino acid sequence	3428995
59c567927ded5e2f1868c659	Gp0225307	153293.assembled.faa	FASTA amino acid sequence	2493358
59c51cb57ded5e2f1868c2a2	Gp0225308	153289.assembled.faa	FASTA amino acid sequence	1361156
59c573137ded5e2f1868c6b8	Gp0225309	153265.assembled.faa	FASTA amino acid sequence	2712802
59c536137ded5e2f1868c3ae	Gp0225310	153271.assembled.faa	FASTA amino acid sequence	1876179
59c533b17ded5e2f1868c399	Gp0225311	153273.assembled.faa	FASTA amino acid sequence	1878748
59c5be347ded5e2f1868ca9d	Gp0225312	153270.assembled.faa	FASTA amino acid sequence	5062002
59c5812b7ded5e2f1868c72c	Gp0225313	153275.assembled.faa	FASTA amino acid sequence	2882233
59c56e387ded5e2f1868c693	Gp0225314	153266.assembled.faa	FASTA amino acid sequence	2801039
59c7235d7ded5e2f1868e06f	Gp0225315	153462.assembled.faa	FASTA amino acid sequence	2425198
59c67ad17ded5e2f1868dae5	Gp0225316	153488.assembled.faa	FASTA amino acid sequence	1084684
59c710e17ded5e2f1868dfdb	Gp0225317	153492.assembled.faa	FASTA amino acid sequence	2331052
59c752d57ded5e2f1868e1df	Gp0225318	153490.assembled.faa	FASTA amino acid sequence	2687253
59c791b07ded5e2f1868e3d4	Gp0225319	153484.assembled.faa	FASTA amino acid sequence	4231470
59c76c337ded5e2f1868e2aa	Gp0225320	153475.assembled.faa	FASTA amino acid sequence	3326147
59c754c47ded5e2f1868e1f1	Gp0225322	153591.assembled.faa	FASTA amino acid sequence	2756903
59c6f2dc7ded5e2f1868deed	Gp0225323	153531.assembled.faa	FASTA amino acid sequence	1926359
59c6d1757ded5e2f1868ddeb	Gp0225324	153570.assembled.faa	FASTA amino acid sequence	2052008
59c6ccf07ded5e2f1868ddc8	Gp0225325	153575.assembled.faa	FASTA amino acid sequence	1776910
59c6c5b07ded5e2f1868dd6a	Gp0225326	153567.assembled.faa	FASTA amino acid sequence	1661868
59c671eb7ded5e2f1868da9d	Gp0225327	153587.assembled.faa	FASTA amino acid sequence	1084339
59c742697ded5e2f1868e160	Gp0225328	153568.assembled.faa	FASTA amino acid sequence	2639412
59c699207ded5e2f1868dbd8	Gp0225330	153579.assembled.faa	FASTA amino acid sequence	1485294
59c6ac9b7ded5e2f1868dc6a	Gp0225331	153525.assembled.faa	FASTA amino acid sequence	1624151
59c6d6dc7ded5e2f1868de0e	Gp0225332	153532.assembled.faa	FASTA amino acid sequence	1885896
59c6f6f77ded5e2f1868df14	Gp0225333	153524.assembled.faa	FASTA amino acid sequence	1991990
59c6b2f47ded5e2f1868dca2	Gp0225334	153588.assembled.faa	FASTA amino acid sequence	1674529
59c6b0b17ded5e2f1868dc91	Gp0225335	153516.assembled.faa	FASTA amino acid sequence	1581218
59c6b5577ded5e2f1868dcb3	Gp0225336	153543.assembled.faa	FASTA amino acid sequence	1749212
59c68d887ded5e2f1868db7a	Gp0225337	153542.assembled.faa	FASTA amino acid sequence	1322097
59c705407ded5e2f1868df81	Gp0225338	153540.assembled.faa	FASTA amino acid sequence	2246217
59c72a917ded5e2f1868e0a5	Gp0225339	153544.assembled.faa	FASTA amino acid sequence	2389476
59c72f0c7ded5e2f1868e0ce	Gp0225340	153564.assembled.faa	FASTA amino acid sequence	2408460
59c696df7ded5e2f1868dbc6	Gp0225341	153571.assembled.faa	FASTA amino acid sequence	1423743
59c71c917ded5e2f1868e036	Gp0225342	153565.assembled.faa	FASTA amino acid sequence	2226654
59c744687ded5e2f1868e172	Gp0225343	153534.assembled.faa	FASTA amino acid sequence	2591358
59c6dd227ded5e2f1868de47	Gp0225344	153533.assembled.faa	FASTA amino acid sequence	1818764
59c6866c7ded5e2f1868db45	Gp0225345	153519.assembled.faa	FASTA amino acid sequence	1204546
59c6a4ea7ded5e2f1868dc35	Gp0225346	153518.assembled.faa	FASTA amino acid sequence	1505273
59c781437ded5e2f1868e34f	Gp0225347	153529.assembled.faa	FASTA amino acid sequence	3689893
59c6f95a7ded5e2f1868df26	Gp0225348	153547.assembled.faa	FASTA amino acid sequence	2039868
59c67f887ded5e2f1868db09	Gp0225349	153541.assembled.faa	FASTA amino acid sequence	1109327
59c7966f7ded5e2f1868e3f8	Gp0225350	153548.assembled.faa	FASTA amino acid sequence	5496332
59c707337ded5e2f1868df93	Gp0225351	153521.assembled.faa	FASTA amino acid sequence	2092438
59c731667ded5e2f1868e0df	Gp0225352	153520.assembled.faa	FASTA amino acid sequence	2469090
59c6d4197ded5e2f1868ddfc	Gp0225353	153581.assembled.faa	FASTA amino acid sequence	1767140
59c6efc57ded5e2f1868dedc	Gp0225354	153573.assembled.faa	FASTA amino acid sequence	2056602
59c793fd7ded5e2f1868e3e6	Gp0225355	153546.assembled.faa	FASTA amino acid sequence	4209890
59c769e87ded5e2f1868e298	Gp0225356	153538.assembled.faa	FASTA amino acid sequence	3015710
59c74e447ded5e2f1868e1bb	Gp0225357	153569.assembled.faa	FASTA amino acid sequence	2707387
59c6a9a07ded5e2f1868dc58	Gp0225358	153535.assembled.faa	FASTA amino acid sequence	1537180
59c7501a7ded5e2f1868e1cd	Gp0225359	153555.assembled.faa	FASTA amino acid sequence	2747144
59c717a77ded5e2f1868e013	Gp0225360	153562.assembled.faa	FASTA amino acid sequence	2140024
59c746c07ded5e2f1868e183	Gp0225361	153584.assembled.faa	FASTA amino acid sequence	2705256
59c76f217ded5e2f1868e2bc	Gp0225362	153582.assembled.faa	FASTA amino acid sequence	3248772
59c785e57ded5e2f1868e377	Gp0225363	153577.assembled.faa	FASTA amino acid sequence	3819018
59c738b17ded5e2f1868e115	Gp0225364	153549.assembled.faa	FASTA amino acid sequence	2584386
59c70be27ded5e2f1868dfb7	Gp0225365	153559.assembled.faa	FASTA amino acid sequence	2416821
59c75bca7ded5e2f1868e22a	Gp0225366	153560.assembled.faa	FASTA amino acid sequence	3131845
59c6763e7ded5e2f1868dabf	Gp0225367	153536.assembled.faa	FASTA amino acid sequence	1072030
59c78f587ded5e2f1868e3be	Gp0225368	153550.assembled.faa	FASTA amino acid sequence	3850086
59c6a03b7ded5e2f1868dc0f	Gp0225369	153502.assembled.faa	FASTA amino acid sequence	1522910
59c71ed67ded5e2f1868e048	Gp0225370	153507.assembled.faa	FASTA amino acid sequence	2254214
59c6c35a7ded5e2f1868dd58	Gp0225371	153505.assembled.faa	FASTA amino acid sequence	1690859
59c6dad87ded5e2f1868de36	Gp0225372	153509.assembled.faa	FASTA amino acid sequence	1930527
59c6a28e7ded5e2f1868dc24	Gp0225373	153513.assembled.faa	FASTA amino acid sequence	1554818
59c6ede67ded5e2f1868deca	Gp0225374	153504.assembled.faa	FASTA amino acid sequence	1918764
59c68b437ded5e2f1868db68	Gp0225375	153503.assembled.faa	FASTA amino acid sequence	1391846
59c6a73e7ded5e2f1868dc47	Gp0225376	153506.assembled.faa	FASTA amino acid sequence	1504349
59c7570d7ded5e2f1868e202	Gp0225377	153556.assembled.faa	FASTA amino acid sequence	2835826
59c6ba6f7ded5e2f1868dcd7	Gp0225378	153586.assembled.faa	FASTA amino acid sequence	1723842
59c767c97ded5e2f1868e286	Gp0225379	153574.assembled.faa	FASTA amino acid sequence	3048493
59c6e1ca7ded5e2f1868de6c	Gp0225380	153522.assembled.faa	FASTA amino acid sequence	1987063
59c6e6b27ded5e2f1868de90	Gp0225381	153517.assembled.faa	FASTA amino acid sequence	1810807
59c78cf27ded5e2f1868e3ac	Gp0225382	153545.assembled.faa	FASTA amino acid sequence	3638755
59c6df7e7ded5e2f1868de5a	Gp0225383	153557.assembled.faa	FASTA amino acid sequence	1926604
59c6fde47ded5e2f1868df48	Gp0225384	153554.assembled.faa	FASTA amino acid sequence	2085182
59c6c1157ded5e2f1868dd10	Gp0225385	153537.assembled.faa	FASTA amino acid sequence	1708183
59c765987ded5e2f1868e271	Gp0225386	153527.assembled.faa	FASTA amino acid sequence	2991046
59c66b417ded5e2f1868da7a	Gp0225387	153530.assembled.faa	FASTA amino acid sequence	866589
59c6bebe7ded5e2f1868dcff	Gp0225388	153552.assembled.faa	FASTA amino acid sequence	1718114
59c7608d7ded5e2f1868e24e	Gp0225389	153572.assembled.faa	FASTA amino acid sequence	2893584
59c702a07ded5e2f1868df6b	Gp0225390	153589.assembled.faa	FASTA amino acid sequence	1994487
59c7361e7ded5e2f1868e103	Gp0225391	153585.assembled.faa	FASTA amino acid sequence	2399105
59c6784f7ded5e2f1868dad4	Gp0225392	153528.assembled.faa	FASTA amino acid sequence	1068493
59c78a5d7ded5e2f1868e39a	Gp0225393	153553.assembled.faa	FASTA amino acid sequence	3563565
59c694837ded5e2f1868dbb5	Gp0225394	153561.assembled.faa	FASTA amino acid sequence	1417339
59c684ab7ded5e2f1868db2d	Gp0225395	153566.assembled.faa	FASTA amino acid sequence	1180492
59c6ca7d7ded5e2f1868ddb3	Gp0225396	153583.assembled.faa	FASTA amino acid sequence	1742650
59c67cea7ded5e2f1868daf7	Gp0225397	153578.assembled.faa	FASTA amino acid sequence	1102940
59c770df7ded5e2f1868e2ce	Gp0225398	153539.assembled.faa	FASTA amino acid sequence	3227110
59c69e4f7ded5e2f1868dbfe	Gp0225399	153551.assembled.faa	FASTA amino acid sequence	1498157
59c6e4ca7ded5e2f1868de7d	Gp0225400	153558.assembled.faa	FASTA amino acid sequence	1983930
59c6bc817ded5e2f1868dce9	Gp0225401	153563.assembled.faa	FASTA amino acid sequence	1602065
59c728077ded5e2f1868e092	Gp0225402	153526.assembled.faa	FASTA amino acid sequence	2363177
59c72d577ded5e2f1868e0b8	Gp0225403	153523.assembled.faa	FASTA amino acid sequence	2471394
59c713037ded5e2f1868dff0	Gp0225404	153590.assembled.faa	FASTA amino acid sequence	2282984
59c73b087ded5e2f1868e127	Gp0225405	153580.assembled.faa	FASTA amino acid sequence	2480820
59c664007ded5e2f1868da51	Gp0225406	153576.assembled.faa	FASTA amino acid sequence	610481
59c733d77ded5e2f1868e0f1	Gp0225407	153515.assembled.faa	FASTA amino acid sequence	2481263
59c788117ded5e2f1868e389	Gp0225408	153514.assembled.faa	FASTA amino acid sequence	3602071
59c6677d7ded5e2f1868da62	Gp0225409	153508.assembled.faa	FASTA amino acid sequence	610469
59c763627ded5e2f1868e260	Gp0225410	153512.assembled.faa	FASTA amino acid sequence	2949704
59c725f77ded5e2f1868e080	Gp0225411	153511.assembled.faa	FASTA amino acid sequence	2431019
59c682537ded5e2f1868db1b	Gp0225412	153510.assembled.faa	FASTA amino acid sequence	1234107
5a30fe847ded5e35e94f1468	Gp0255812	169113.assembled.faa	FASTA amino acid sequence	25218191
5a3c97cd7ded5e35e94f9f59	Gp0255812	171987.assembled.faa	FASTA amino acid sequence	25213077
5a310c6f7ded5e35e94f15ba	Gp0255813	169127.assembled.faa	FASTA amino acid sequence	50430876
5a3cb2e37ded5e35e94f9fbd	Gp0255813	171986.assembled.faa	FASTA amino acid sequence	50425478
5a30e6407ded5e35e94f11ef	Gp0255814	169114.assembled.faa	FASTA amino acid sequence	9716735
5a3c97497ded5e35e94f9f35	Gp0255814	171988.assembled.faa	FASTA amino acid sequence	9712768
5a30e1c47ded5e35e94f11ab	Gp0255815	169090.assembled.faa	FASTA amino acid sequence	22301142
5a3c97c37ded5e35e94f9f47	Gp0255815	171989.assembled.faa	FASTA amino acid sequence	22311931
5a30f01a7ded5e35e94f137f	Gp0255816	169126.assembled.faa	FASTA amino acid sequence	14527714
5a3ca9de7ded5e35e94f9f75	Gp0255816	171991.assembled.faa	FASTA amino acid sequence	14531866
5a30f4ef7ded5e35e94f13df	Gp0255817	169110.assembled.faa	FASTA amino acid sequence	20303618
5a3caa6a7ded5e35e94f9f99	Gp0255817	171990.assembled.faa	FASTA amino acid sequence	20297988
5a30efe07ded5e35e94f136d	Gp0255818	169133.assembled.faa	FASTA amino acid sequence	22277711
5a3cb2827ded5e35e94f9fab	Gp0255818	171992.assembled.faa	FASTA amino acid sequence	22271060
5a3117427ded5e35e94f168f	Gp0255819	169141.assembled.faa	FASTA amino acid sequence	53351657
5a3cc1367ded5e35e94f9fe9	Gp0255819	171993.assembled.faa	FASTA amino acid sequence	53373234
5a3ccf9e7ded5e35e94fa013	Gp0255820	171995.assembled.faa	FASTA amino acid sequence	67333124
5a3cc0fa7ded5e35e94f9fd7	Gp0255821	171994.assembled.faa	FASTA amino acid sequence	37534094
5a30f9db7ded5e35e94f144c	Gp0255822	169129.assembled.faa	FASTA amino acid sequence	40784733
5a3ccf477ded5e35e94fa001	Gp0255822	171997.assembled.faa	FASTA amino acid sequence	40799876
5a30eb7b7ded5e35e94f12ba	Gp0255823	169131.assembled.faa	FASTA amino acid sequence	11181480
5a3caa487ded5e35e94f9f87	Gp0255823	171996.assembled.faa	FASTA amino acid sequence	11180020
5a30ebab7ded5e35e94f12d0	Gp0255824	169132.assembled.faa	FASTA amino acid sequence	26567770
5a3cdcb87ded5e35e94fa025	Gp0255824	171999.assembled.faa	FASTA amino acid sequence	26572548
5a30f98f7ded5e35e94f1428	Gp0255825	169117.assembled.faa	FASTA amino acid sequence	28580139
5a3cdcc27ded5e35e94fa037	Gp0255825	171998.assembled.faa	FASTA amino acid sequence	28574906
5a3108f47ded5e35e94f158c	Gp0255826	169120.assembled.faa	FASTA amino acid sequence	60085349
5a6b13f07ded5e2d714113ea	Gp0255826	177702.assembled.faa	FASTA amino acid sequence	60085411
5a3137317ded5e35e94f186f	Gp0255827	169116.assembled.faa	FASTA amino acid sequence	236434257
5a6be5dd7ded5e3fe22b04db	Gp0255827	177703.assembled.faa	FASTA amino acid sequence	236460676
5a313ae77ded5e35e94f1881	Gp0255828	169119.assembled.faa	FASTA amino acid sequence	179748605
5a3d41fb7ded5e35e94fa1d1	Gp0255828	172007.assembled.faa	FASTA amino acid sequence	179715260
5a3121327ded5e35e94f175a	Gp0255829	169122.assembled.faa	FASTA amino acid sequence	74206564
5a3d25087ded5e35e94fa14f	Gp0255829	172006.assembled.faa	FASTA amino acid sequence	74214613
5a312c717ded5e35e94f17f3	Gp0255830	169134.assembled.faa	FASTA amino acid sequence	134238644
5a6b65077ded5e3fe22b02b3	Gp0255830	177704.assembled.faa	FASTA amino acid sequence	134243806
5a3134ab7ded5e35e94f184a	Gp0255831	169136.assembled.faa	FASTA amino acid sequence	130316685
5a3d34307ded5e35e94fa1bf	Gp0255831	172000.assembled.faa	FASTA amino acid sequence	130403001
5a310d827ded5e35e94f15cc	Gp0255832	169138.assembled.faa	FASTA amino acid sequence	75966794
5a3d16487ded5e35e94fa105	Gp0255832	172002.assembled.faa	FASTA amino acid sequence	75961031
5a311e857ded5e35e94f172f	Gp0255833	169121.assembled.faa	FASTA amino acid sequence	130077330
5a3d34257ded5e35e94fa1ad	Gp0255833	172001.assembled.faa	FASTA amino acid sequence	130070484
5a312aac7ded5e35e94f17e1	Gp0255834	169123.assembled.faa	FASTA amino acid sequence	86472542
5a6b2d9b7ded5e2d7141189d	Gp0255834	177705.assembled.faa	FASTA amino acid sequence	86453168
5a312f337ded5e35e94f180d	Gp0255835	169124.assembled.faa	FASTA amino acid sequence	180166740
5a3d42847ded5e35e94fa1e3	Gp0255835	172003.assembled.faa	FASTA amino acid sequence	180141659
5a311b1d7ded5e35e94f16d4	Gp0255836	169125.assembled.faa	FASTA amino acid sequence	81890011
5a3d1b047ded5e35e94fa117	Gp0255836	172004.assembled.faa	FASTA amino acid sequence	81875567
5a3126847ded5e35e94f1797	Gp0255837	169139.assembled.faa	FASTA amino acid sequence	85852436
5a3d2ac07ded5e35e94fa173	Gp0255837	172005.assembled.faa	FASTA amino acid sequence	85867966
5a31434c7ded5e35e94f18d0	Gp0255838	169142.assembled.faa	FASTA amino acid sequence	207553260
5a6bcac57ded5e3fe22b04c8	Gp0255838	177706.assembled.faa	FASTA amino acid sequence	207918126
5a312fc77ded5e35e94f181f	Gp0255839	169137.assembled.faa	FASTA amino acid sequence	106229545
5a6b47b57ded5e3fe22b0273	Gp0255839	177707.assembled.faa	FASTA amino acid sequence	106198354
5ba0e16e46d1e63f764d830e	Gp0255840	197235.assembled.faa	FASTA amino acid sequence	77127608
5b9bf52946d1e63f764d6613	Gp0255841	197234.assembled.faa	FASTA amino acid sequence	421617683
5a3383257ded5e35e94f3422	Gp0255842	170446.assembled.faa	FASTA amino acid sequence	32068975
5a3ceb4b7ded5e35e94fa06e	Gp0255842	172008.assembled.faa	FASTA amino acid sequence	32075253
5a339b887ded5e35e94f353f	Gp0255843	170447.assembled.faa	FASTA amino acid sequence	89878299
5a3d2b5d7ded5e35e94fa185	Gp0255843	172009.assembled.faa	FASTA amino acid sequence	89899185
5a338f527ded5e35e94f34cf	Gp0255844	170448.assembled.faa	FASTA amino acid sequence	77258045
5a3d2ab47ded5e35e94fa161	Gp0255844	172010.assembled.faa	FASTA amino acid sequence	77255051
5a3383b27ded5e35e94f3446	Gp0255845	170449.assembled.faa	FASTA amino acid sequence	45480892
5a6b00777ded5e2d71411399	Gp0255845	177708.assembled.faa	FASTA amino acid sequence	45518949
5a3388fd7ded5e35e94f347c	Gp0255846	170450.assembled.faa	FASTA amino acid sequence	76345836
5a6b1f5c7ded5e2d7141180b	Gp0255846	177709.assembled.faa	FASTA amino acid sequence	76214897
5a339f3b7ded5e35e94f3572	Gp0255847	170451.assembled.faa	FASTA amino acid sequence	88804380
5a6b397b7ded5e2d714118c3	Gp0255847	177710.assembled.faa	FASTA amino acid sequence	88759217
5a6b10a07ded5e2d714113c5	Gp0255848	177711.assembled.faa	FASTA amino acid sequence	55043372
5a338ea87ded5e35e94f34bd	Gp0255849	170452.assembled.faa	FASTA amino acid sequence	78137986
5a6b2d7a7ded5e2d71411879	Gp0255849	177712.assembled.faa	FASTA amino acid sequence	78083219
5a337e807ded5e35e94f33fe	Gp0255850	170453.assembled.faa	FASTA amino acid sequence	41341153
5a6b0f0f7ded5e2d714113b3	Gp0255850	177713.assembled.faa	FASTA amino acid sequence	41341579
5a338e9b7ded5e35e94f34ab	Gp0255851	170454.assembled.faa	FASTA amino acid sequence	75637489
5a6b2d847ded5e2d7141188b	Gp0255851	177714.assembled.faa	FASTA amino acid sequence	75550792
5a337eda7ded5e35e94f3410	Gp0255852	170455.assembled.faa	FASTA amino acid sequence	31086402
5a3ceafe7ded5e35e94fa05c	Gp0255852	172011.assembled.faa	FASTA amino acid sequence	31095561
5a3383577ded5e35e94f3434	Gp0255853	170456.assembled.faa	FASTA amino acid sequence	49887213
5a6b1f057ded5e2d714117f9	Gp0255853	177715.assembled.faa	FASTA amino acid sequence	49874573
5a3386787ded5e35e94f3458	Gp0255854	170457.assembled.faa	FASTA amino acid sequence	49755088
5a6b1ef77ded5e2d714117e7	Gp0255854	177716.assembled.faa	FASTA amino acid sequence	49761031
5a9fbc7664d0b31ae3b4be55	Gp0293503	182087.assembled.faa	FASTA amino acid sequence	6246216
5a9fbb4664d0b31ae3b4be43	Gp0293504	182089.assembled.faa	FASTA amino acid sequence	5762195
5a9fbb3c64d0b31ae3b4be31	Gp0293505	182086.assembled.faa	FASTA amino acid sequence	4770903
5aa0642a64d0b31ae3b4cb2a	Gp0293506	182098.assembled.faa	FASTA amino acid sequence	2618763
5aa0663464d0b31ae3b4cb73	Gp0293507	182094.assembled.faa	FASTA amino acid sequence	5076684
5a9fb42764d0b31ae3b4bd5a	Gp0293508	182091.assembled.faa	FASTA amino acid sequence	2062424
5a9fb54b64d0b31ae3b4bd7e	Gp0293509	182096.assembled.faa	FASTA amino acid sequence	2197396
5aa062e864d0b31ae3b4cb18	Gp0293510	182097.assembled.faa	FASTA amino acid sequence	3402947
5a9fba0e64d0b31ae3b4be1f	Gp0293511	182092.assembled.faa	FASTA amino acid sequence	3651892
5a9fb43464d0b31ae3b4bd6c	Gp0293512	182093.assembled.faa	FASTA amino acid sequence	2098131
5a9fb56a64d0b31ae3b4bd90	Gp0293513	182088.assembled.faa	FASTA amino acid sequence	2201068
5a9fb8fe64d0b31ae3b4bdfb	Gp0293514	182090.assembled.faa	FASTA amino acid sequence	3629407
5a9faf7f64d0b31ae3b4bcdc	Gp0293515	182095.assembled.faa	FASTA amino acid sequence	1500719
5a9fb67e64d0b31ae3b4bda2	Gp0293516	182099.assembled.faa	FASTA amino acid sequence	2391564
5a9fae4a64d0b31ae3b4bca6	Gp0293517	182109.assembled.faa	FASTA amino acid sequence	1469669
5a9fba0464d0b31ae3b4be0d	Gp0293518	182105.assembled.faa	FASTA amino acid sequence	3814818
5a9fb7a964d0b31ae3b4bdc6	Gp0293519	182107.assembled.faa	FASTA amino acid sequence	2842301
5aa0621764d0b31ae3b4cb01	Gp0293520	182108.assembled.faa	FASTA amino acid sequence	1710091
5a9fb8f564d0b31ae3b4bde9	Gp0293521	182101.assembled.faa	FASTA amino acid sequence	3437603
5aa05f7864d0b31ae3b4caa6	Gp0293522	182100.assembled.faa	FASTA amino acid sequence	2063519
5a9fb68864d0b31ae3b4bdb4	Gp0293523	182106.assembled.faa	FASTA amino acid sequence	2391586
5aa064ff64d0b31ae3b4cb4e	Gp0293524	182103.assembled.faa	FASTA amino acid sequence	3629649
5a9f845064d0b31ae3b4b84e	Gp0293525	182102.assembled.faa	FASTA amino acid sequence	325654
5aa05e3164d0b31ae3b4ca83	Gp0293526	182104.assembled.faa	FASTA amino acid sequence	1873627
5a9fa99664d0b31ae3b4bc17	Gp0293527	182118.assembled.faa	FASTA amino acid sequence	921022
5a9fae5964d0b31ae3b4bcb8	Gp0293528	182113.assembled.faa	FASTA amino acid sequence	1506592
5aa0608264d0b31ae3b4cacc	Gp0293529	182111.assembled.faa	FASTA amino acid sequence	1591170
5aa05bd564d0b31ae3b4ca3b	Gp0293530	182121.assembled.faa	FASTA amino acid sequence	883159
5a9fb30164d0b31ae3b4bd36	Gp0293531	182114.assembled.faa	FASTA amino acid sequence	1847990
5a9fb7b364d0b31ae3b4bdd7	Gp0293532	182122.assembled.faa	FASTA amino acid sequence	2577820
5aa0620064d0b31ae3b4caf0	Gp0293533	182112.assembled.faa	FASTA amino acid sequence	2457390
5a9fb1c964d0b31ae3b4bd12	Gp0293534	182123.assembled.faa	FASTA amino acid sequence	1619492
5aa05e2564d0b31ae3b4ca71	Gp0293535	182120.assembled.faa	FASTA amino acid sequence	1019663
5aa05a9a64d0b31ae3b4ca08	Gp0294690	182133.assembled.faa	FASTA amino acid sequence	680310
5a9fa4fc64d0b31ae3b4bb9c	Gp0293536	182116.assembled.faa	FASTA amino acid sequence	686567
5a9fb31164d0b31ae3b4bd48	Gp0293537	182119.assembled.faa	FASTA amino acid sequence	2065019
5a9fad1e64d0b31ae3b4bc82	Gp0293538	182115.assembled.faa	FASTA amino acid sequence	1254207
5aa0608f64d0b31ae3b4cade	Gp0293539	182117.assembled.faa	FASTA amino acid sequence	2177247
5a9fb1d264d0b31ae3b4bd24	Gp0293540	182110.assembled.faa	FASTA amino acid sequence	1619732
5aa05d0264d0b31ae3b4ca5d	Gp0293541	182125.assembled.faa	FASTA amino acid sequence	1781833
5a9fad2d64d0b31ae3b4bc94	Gp0293542	182131.assembled.faa	FASTA amino acid sequence	1254462
5aa05f6e64d0b31ae3b4ca94	Gp0293543	182132.assembled.faa	FASTA amino acid sequence	1274327
5a9fabec64d0b31ae3b4bc5e	Gp0293544	182127.assembled.faa	FASTA amino acid sequence	1160791
5aa05bcb64d0b31ae3b4ca2a	Gp0293545	182124.assembled.faa	FASTA amino acid sequence	624761
5a9fa65b64d0b31ae3b4bbbf	Gp0293546	182129.assembled.faa	FASTA amino acid sequence	654924
5a9faad164d0b31ae3b4bc4d	Gp0293547	182128.assembled.faa	FASTA amino acid sequence	931115
5a9f9aca64d0b31ae3b4ba75	Gp0293548	182130.assembled.faa	FASTA amino acid sequence	459446
5a9fa73c64d0b31ae3b4bbd0	Gp0293549	182126.assembled.faa	FASTA amino acid sequence	947706
5aa2b03c64d0b30c136ec1a1	Gp0293550	182648.assembled.faa	FASTA amino acid sequence	626811
5aa2add364d0b30c136ebded	Gp0293551	182649.assembled.faa	FASTA amino acid sequence	424811
5aa2a11b64d0b30c136ebc0c	Gp0293552	182651.assembled.faa	FASTA amino acid sequence	378257
5aa2b74f64d0b30c136ec4b1	Gp0293553	182642.assembled.faa	FASTA amino acid sequence	911207
5aa3230d64d0b30c136ed23c	Gp0293554	182663.assembled.faa	FASTA amino acid sequence	806601
5aa320ae64d0b30c136ed1e4	Gp0293555	182638.assembled.faa	FASTA amino acid sequence	401209
5aa3242f64d0b30c136ed24e	Gp0293556	182643.assembled.faa	FASTA amino acid sequence	861906
5aa2ac6064d0b30c136ebc2f	Gp0293557	182673.assembled.faa	FASTA amino acid sequence	380943
5aa2c32164d0b30c136ec95b	Gp0293558	182658.assembled.faa	FASTA amino acid sequence	3883012
5aa2c31064d0b30c136ec949	Gp0293559	182630.assembled.faa	FASTA amino acid sequence	4959041
5aa2bbec64d0b30c136ec80b	Gp0293560	182637.assembled.faa	FASTA amino acid sequence	2072623
5aa2c0ad64d0b30c136ec910	Gp0293561	182631.assembled.faa	FASTA amino acid sequence	2642059
5aa32a1764d0b30c136ed301	Gp0293562	182659.assembled.faa	FASTA amino acid sequence	2653203
5aa2c0a364d0b30c136ec8fe	Gp0293563	182670.assembled.faa	FASTA amino acid sequence	2585074
5aa2be4664d0b30c136ec8c9	Gp0293564	182640.assembled.faa	FASTA amino acid sequence	2191057
5aa2c1ce64d0b30c136ec934	Gp0293565	182666.assembled.faa	FASTA amino acid sequence	3163526
5aa2bbf664d0b30c136ec81e	Gp0293566	182671.assembled.faa	FASTA amino acid sequence	2023005
5aa328ea64d0b30c136ed2dd	Gp0293567	182654.assembled.faa	FASTA amino acid sequence	2287999
5aa2bf7c64d0b30c136ec8ec	Gp0293568	182636.assembled.faa	FASTA amino acid sequence	2182436
5aa32a2264d0b30c136ed313	Gp0293569	182660.assembled.faa	FASTA amino acid sequence	2330900
5aa328f564d0b30c136ed2ef	Gp0293570	182633.assembled.faa	FASTA amino acid sequence	2124951
5aa326a364d0b30c136ed2a7	Gp0293571	182656.assembled.faa	FASTA amino acid sequence	1606530
5aa2babc64d0b30c136ec760	Gp0293572	182672.assembled.faa	FASTA amino acid sequence	1447029
5aa2bd1764d0b30c136ec894	Gp0293573	182667.assembled.faa	FASTA amino acid sequence	2026777
5aa2bd2264d0b30c136ec8a6	Gp0293574	182647.assembled.faa	FASTA amino acid sequence	2072799
5aa2bab164d0b30c136ec749	Gp0293575	182655.assembled.faa	FASTA amino acid sequence	1516947
5aa2b16d64d0b30c136ec1d6	Gp0293576	182644.assembled.faa	FASTA amino acid sequence	708243
5aa2af1964d0b30c136ebfb4	Gp0293577	182639.assembled.faa	FASTA amino acid sequence	534602
5aa29d6c64d0b30c136ebba6	Gp0293578	182669.assembled.faa	FASTA amino acid sequence	108773
5aa327cb64d0b30c136ed2cb	Gp0293579	182634.assembled.faa	FASTA amino acid sequence	1214978
5aa3255664d0b30c136ed272	Gp0293580	182645.assembled.faa	FASTA amino acid sequence	1404113
5aa2b72664d0b30c136ec480	Gp0293581	182635.assembled.faa	FASTA amino acid sequence	944798
5aa2b87a64d0b30c136ec5a5	Gp0293582	182641.assembled.faa	FASTA amino acid sequence	1179017
5aa2b2b664d0b30c136ec270	Gp0293583	182664.assembled.faa	FASTA amino acid sequence	762361
5aa3267e64d0b30c136ed295	Gp0293584	182629.assembled.faa	FASTA amino acid sequence	1049712
5aa3245464d0b30c136ed260	Gp0293585	182661.assembled.faa	FASTA amino acid sequence	898003
5aa2b9b464d0b30c136ec691	Gp0293586	182668.assembled.faa	FASTA amino acid sequence	1364417
5aa3257464d0b30c136ed283	Gp0293587	182657.assembled.faa	FASTA amino acid sequence	969484
5aa321d564d0b30c136ed207	Gp0293588	182665.assembled.faa	FASTA amino acid sequence	501301
5aa322fb64d0b30c136ed22a	Gp0293589	182662.assembled.faa	FASTA amino acid sequence	603539
5aa2b3fa64d0b30c136ec2cf	Gp0293590	182632.assembled.faa	FASTA amino acid sequence	853050
5aa2b61064d0b30c136ec387	Gp0293591	182652.assembled.faa	FASTA amino acid sequence	979818
5aa2b51564d0b30c136ec329	Gp0293592	182628.assembled.faa	FASTA amino acid sequence	899884
5aa2b3c364d0b30c136ec2bd	Gp0293593	182653.assembled.faa	FASTA amino acid sequence	833518
5aa2b2ab64d0b30c136ec255	Gp0293594	182627.assembled.faa	FASTA amino acid sequence	689163
5aa2b4f964d0b30c136ec317	Gp0293595	182646.assembled.faa	FASTA amino acid sequence	928826
5aa2b85f64d0b30c136ec58d	Gp0293596	182650.assembled.faa	FASTA amino acid sequence	1165628
5beeedd146d1e61e989e2236	Gp0306221	203122.assembled.faa	FASTA amino acid sequence	314198556
5bf3b7e346d1e61e989e3422	Gp0306222	203106.assembled.faa	FASTA amino acid sequence	514077171
5be556ce46d1e66b06c26546	Gp0306224	202092.assembled.faa	FASTA amino acid sequence	930292905
5bd7a9b646d1e604fecfd212	Gp0306225	201039.assembled.faa	FASTA amino acid sequence	1916681
5b4f825464d0b3516a60499e	Gp0306226	192431.assembled.faa	FASTA amino acid sequence	294590703
5b4f61f464d0b3516a604878	Gp0306227	192443.assembled.faa	FASTA amino acid sequence	214677211
5be2444b46d1e66b06c25163	Gp0306228	202087.assembled.faa	FASTA amino acid sequence	421185764
5b63391764d0b3516a60f943	Gp0306230	193584.assembled.faa	FASTA amino acid sequence	192902884
5b63394c64d0b3516a60f956	Gp0306231	193580.assembled.faa	FASTA amino acid sequence	225031399
5bb4421046d1e62dbd9112a1	Gp0306232	198634.assembled.faa	FASTA amino acid sequence	257975707
5be24e8146d1e66b06c255af	Gp0306233	202090.assembled.faa	FASTA amino acid sequence	405264535
5b4f549f64d0b3516a604818	Gp0306234	192439.assembled.faa	FASTA amino acid sequence	199346418
5be2a3ba46d1e66b06c25936	Gp0306235	202089.assembled.faa	FASTA amino acid sequence	430352428
5be239d446d1e65b9cdb1d48	Gp0306236	202086.assembled.faa	FASTA amino acid sequence	357527836
5be2566d46d1e66b06c2567c	Gp0306237	202091.assembled.faa	FASTA amino acid sequence	292877435
5be1ed3d46d1e65b9cdb1bc2	Gp0306238	202083.assembled.faa	FASTA amino acid sequence	403759355
5be2997146d1e66b06c25923	Gp0306239	202088.assembled.faa	FASTA amino acid sequence	442905159
5be2304046d1e65b9cdb1cad	Gp0306240	202084.assembled.faa	FASTA amino acid sequence	381456364
5be4c09546d1e66b06c261f1	Gp0306241	202140.assembled.faa	FASTA amino acid sequence	3690511
5b4f79bc64d0b3516a604937	Gp0306242	192442.assembled.faa	FASTA amino acid sequence	260404253
5b635b3264d0b3516a60f997	Gp0306244	193583.assembled.faa	FASTA amino acid sequence	206481747
5b4f4e9664d0b3516a6047f1	Gp0306245	192441.assembled.faa	FASTA amino acid sequence	180684229
5b6d296664d0b3516a616683	Gp0306246	193579.assembled.faa	FASTA amino acid sequence	904634115
5be28e4e46d1e66b06c25910	Gp0306247	202085.assembled.faa	FASTA amino acid sequence	456868230
5be2706a46d1e66b06c258e5	Gp0306248	202082.assembled.faa	FASTA amino acid sequence	412874348
5bf3c3bf46d1e61e989e3436	Gp0306250	203125.assembled.faa	FASTA amino acid sequence	488797136
5b6a2a9264d0b3516a613981	Gp0321263	194477.assembled.faa	FASTA amino acid sequence	187491227
5b73133946d1e646b62ff8c1	Gp0321264	194473.assembled.faa	FASTA amino acid sequence	400526801
5b72f27446d1e646b62ff50f	Gp0321265	194482.assembled.faa	FASTA amino acid sequence	380232829
5b6a315864d0b3516a613a14	Gp0321266	194484.assembled.faa	FASTA amino acid sequence	144833327
5b6c06ef64d0b3516a615a7d	Gp0321267	194479.assembled.faa	FASTA amino acid sequence	330091987
5b6d371464d0b3516a6166dc	Gp0321268	194486.assembled.faa	FASTA amino acid sequence	339240627
5b6cb91c64d0b3516a615f54	Gp0321269	194475.assembled.faa	FASTA amino acid sequence	442027233
5b6cd89e64d0b3516a6164c3	Gp0321270	194487.assembled.faa	FASTA amino acid sequence	247290281
5b6d140f64d0b3516a616648	Gp0321271	194480.assembled.faa	FASTA amino acid sequence	337338463
5b6a37eb64d0b3516a613fec	Gp0321272	194476.assembled.faa	FASTA amino acid sequence	184411509
5b72dd7746d1e646b62ff421	Gp0321273	194478.assembled.faa	FASTA amino acid sequence	323222248
5b6cfd8964d0b3516a6165a5	Gp0321274	194485.assembled.faa	FASTA amino acid sequence	291361839
5b6c9a0c64d0b3516a615bd6	Gp0321275	194469.assembled.faa	FASTA amino acid sequence	363941174
5b72d3be46d1e646b62ff40e	Gp0321276	194483.assembled.faa	FASTA amino acid sequence	343948111
5b6ce1c464d0b3516a6164f9	Gp0321277	194472.assembled.faa	FASTA amino acid sequence	280899501
5b6a300864d0b3516a613a01	Gp0321278	194474.assembled.faa	FASTA amino acid sequence	167182479
5b6d7ee964d0b3516a616b04	Gp0321279	194471.assembled.faa	FASTA amino acid sequence	391413573
5b6a387a64d0b3516a614012	Gp0321280	194488.assembled.faa	FASTA amino acid sequence	213413843
5b6d72db64d0b3516a616ab7	Gp0321281	194468.assembled.faa	FASTA amino acid sequence	344138824
5b6a31a864d0b3516a613a27	Gp0321282	194481.assembled.faa	FASTA amino acid sequence	205131361
5b6daf4564d0b3516a616c3b	Gp0321283	194467.assembled.faa	FASTA amino acid sequence	569310828
5b6bc1a064d0b3516a615949	Gp0321284	194464.assembled.faa	FASTA amino acid sequence	303971482
5b6a478c64d0b3516a6148bf	Gp0321285	194470.assembled.faa	FASTA amino acid sequence	215885637
5b6ceb3f64d0b3516a616546	Gp0321286	194466.assembled.faa	FASTA amino acid sequence	286303469
5b73080746d1e646b62ff857	Gp0321287	194492.assembled.faa	FASTA amino acid sequence	345184414
5b6a69f664d0b3516a61515d	Gp0321288	194506.assembled.faa	FASTA amino acid sequence	236068871
5b6d9cf564d0b3516a616bb8	Gp0321289	194490.assembled.faa	FASTA amino acid sequence	486242782
5b6a3f0564d0b3516a6141eb	Gp0321290	194509.assembled.faa	FASTA amino acid sequence	174996647
5b73451c46d1e646b62ff919	Gp0321291	194503.assembled.faa	FASTA amino acid sequence	466525391
5b6d5b7f64d0b3516a616970	Gp0321292	194512.assembled.faa	FASTA amino acid sequence	381374370
5b7494e546d1e609b8fad811	Gp0321293	194507.assembled.faa	FASTA amino acid sequence	228948717
5b6a47cc64d0b3516a6148d2	Gp0321294	194505.assembled.faa	FASTA amino acid sequence	231940837
5b73378f46d1e646b62ff8fb	Gp0321295	194501.assembled.faa	FASTA amino acid sequence	457162020
5b6a3f8964d0b3516a6142ca	Gp0321296	194508.assembled.faa	FASTA amino acid sequence	204168100
5b6dc00864d0b3516a616cf5	Gp0321297	194502.assembled.faa	FASTA amino acid sequence	547490452
5b6a47d164d0b3516a6148e4	Gp0321298	194511.assembled.faa	FASTA amino acid sequence	219356462
5b6dd7b264d0b3516a616d80	Gp0321299	194489.assembled.faa	FASTA amino acid sequence	824170982
5b6a3f6364d0b3516a61427f	Gp0321300	194510.assembled.faa	FASTA amino acid sequence	209612333
5b72b6dc46d1e646b62ff3d5	Gp0321301	194493.assembled.faa	FASTA amino acid sequence	295157884
5b6a69eb64d0b3516a61514a	Gp0321302	194497.assembled.faa	FASTA amino acid sequence	226826762
5b6bccd164d0b3516a61596f	Gp0321303	194504.assembled.faa	FASTA amino acid sequence	309197858
5b6a6a1e64d0b3516a615170	Gp0321304	194498.assembled.faa	FASTA amino acid sequence	238749505
5b6b7b2e64d0b3516a615758	Gp0321305	194500.assembled.faa	FASTA amino acid sequence	280542100
5b6a7b9a64d0b3516a615186	Gp0321306	194491.assembled.faa	FASTA amino acid sequence	258771052
5b6c63e564d0b3516a615ad9	Gp0321307	194495.assembled.faa	FASTA amino acid sequence	350063049
5b6a296864d0b3516a61396e	Gp0321308	194499.assembled.faa	FASTA amino acid sequence	137949674
5b6a384564d0b3516a613fff	Gp0321309	194494.assembled.faa	FASTA amino acid sequence	200412562
5b6cc66364d0b3516a6161b2	Gp0321310	194496.assembled.faa	FASTA amino acid sequence	261884449
5c5a872f46d1e60f5f37da5c	Gp0321404	202514.assembled.faa	FASTA amino acid sequence	287054704
5be5425e46d1e66b06c263fb	Gp0321405	202160.assembled.faa	FASTA amino acid sequence	134176274
5bec7c5546d1e66b06c39532	Gp0321406	202512.assembled.faa	FASTA amino acid sequence	251912287
5be560ba46d1e66b06c265cb	Gp0321407	202167.assembled.faa	FASTA amino acid sequence	183348639
5be54f4446d1e66b06c264fa	Gp0321408	202163.assembled.faa	FASTA amino acid sequence	185250809
5be5706e46d1e66b06c2662b	Gp0321409	202153.assembled.faa	FASTA amino acid sequence	153432582
5be5752346d1e66b06c26652	Gp0321410	202154.assembled.faa	FASTA amino acid sequence	169016179
5be76d5a46d1e66b06c276e7	Gp0321411	202157.assembled.faa	FASTA amino acid sequence	189176377
5be4d1fe46d1e66b06c26251	Gp0321412	202152.assembled.faa	FASTA amino acid sequence	187163983
5be5584846d1e66b06c2656c	Gp0321413	202165.assembled.faa	FASTA amino acid sequence	204390969
5be54a1e46d1e66b06c264d4	Gp0321414	202162.assembled.faa	FASTA amino acid sequence	114716344
5be5469246d1e66b06c2648b	Gp0321415	202161.assembled.faa	FASTA amino acid sequence	137493798
5be56c5c46d1e66b06c26605	Gp0321416	202151.assembled.faa	FASTA amino acid sequence	138050972
5be53e1746d1e66b06c263ae	Gp0321417	202159.assembled.faa	FASTA amino acid sequence	138624168
5be5788846d1e66b06c266d0	Gp0321418	202155.assembled.faa	FASTA amino acid sequence	117809971
5be53a8646d1e66b06c26364	Gp0321419	202158.assembled.faa	FASTA amino acid sequence	131868255
5be55be546d1e66b06c265a5	Gp0321420	202166.assembled.faa	FASTA amino acid sequence	110596244
5be57ccf46d1e66b06c2671c	Gp0321421	202156.assembled.faa	FASTA amino acid sequence	150924499
5be552c846d1e66b06c26520	Gp0321422	202164.assembled.faa	FASTA amino acid sequence	109793804
5bedc47246d1e61e989e1ddc	Gp0321423	202513.assembled.faa	FASTA amino acid sequence	158433030
5be4c8e446d1e66b06c2621b	Gp0321424	202146.assembled.faa	FASTA amino acid sequence	155319922
5be5550746d1e66b06c26533	Gp0321425	202144.assembled.faa	FASTA amino acid sequence	139326667
5be550e546d1e66b06c2650d	Gp0321426	202142.assembled.faa	FASTA amino acid sequence	148202151
5be5686446d1e66b06c265f1	Gp0321427	202150.assembled.faa	FASTA amino acid sequence	151585667
5be4cd4846d1e66b06c2622e	Gp0321428	202149.assembled.faa	FASTA amino acid sequence	166966061
5be4c4fc46d1e66b06c26208	Gp0321429	202143.assembled.faa	FASTA amino acid sequence	165879261
5be5643b46d1e66b06c265de	Gp0321430	202148.assembled.faa	FASTA amino acid sequence	131846178
5be55a3046d1e66b06c26592	Gp0321431	202145.assembled.faa	FASTA amino acid sequence	172878591
5be5607b46d1e66b06c265b8	Gp0321432	202147.assembled.faa	FASTA amino acid sequence	231472772
5be54c8646d1e66b06c264e7	Gp0321433	202141.assembled.faa	FASTA amino acid sequence	156408084
5be69f1246d1e66b06c27675	Gp0324006	200974.assembled.faa	FASTA amino acid sequence	27389413
5bd8a20b46d1e604fecfe485	Gp0324007	200975.assembled.faa	FASTA amino acid sequence	28546088
5bd2f4c046d1e64cf8db572e	Gp0324008	200948.assembled.faa	FASTA amino acid sequence	8631932
5bd5573546d1e64cf8db67bc	Gp0324009	200955.assembled.faa	FASTA amino acid sequence	11198589
5bd53b5d46d1e64cf8db6726	Gp0324010	200949.assembled.faa	FASTA amino acid sequence	9744575
5bd53c7b46d1e64cf8db6739	Gp0324011	200950.assembled.faa	FASTA amino acid sequence	21671190
5be5fa1b46d1e66b06c26c30	Gp0324033	200971.assembled.faa	FASTA amino acid sequence	21777165
5bd545de46d1e64cf8db6772	Gp0324034	200953.assembled.faa	FASTA amino acid sequence	94490895
5be5fba846d1e66b06c26c43	Gp0324035	200972.assembled.faa	FASTA amino acid sequence	35918408
5bd81b8546d1e604fecfe16c	Gp0324036	200983.assembled.faa	FASTA amino acid sequence	21699454
5bd81a5846d1e604fecfe159	Gp0324037	200982.assembled.faa	FASTA amino acid sequence	99901925
5bd8a2fc46d1e604fecfe4ec	Gp0324038	200977.assembled.faa	FASTA amino acid sequence	15673192
5bd5400846d1e64cf8db674c	Gp0324039	200951.assembled.faa	FASTA amino acid sequence	117858956
5bd8119346d1e604fecfe0e9	Gp0324040	200978.assembled.faa	FASTA amino acid sequence	40190608
5bd7b50146d1e604fecfd380	Gp0324041	200973.assembled.faa	FASTA amino acid sequence	30912336
5be5f8f646d1e66b06c26c1d	Gp0324042	200970.assembled.faa	FASTA amino acid sequence	21141253
5bd8502146d1e604fecfe28d	Gp0324043	200966.assembled.faa	FASTA amino acid sequence	269097777
5bd814d846d1e604fecfe12a	Gp0324044	200980.assembled.faa	FASTA amino acid sequence	21361115
5bd78fc446d1e604fecfcfc4	Gp0324045	200969.assembled.faa	FASTA amino acid sequence	281523672
5bd5566a46d1e64cf8db67a9	Gp0324046	200954.assembled.faa	FASTA amino acid sequence	108791387
5bd8169046d1e604fecfe13d	Gp0324047	200981.assembled.faa	FASTA amino acid sequence	24894917
5bd7b6c946d1e604fecfd393	Gp0324048	200976.assembled.faa	FASTA amino acid sequence	49671708
5bd8138946d1e604fecfe10f	Gp0324049	200979.assembled.faa	FASTA amino acid sequence	54066903
5be5f71746d1e66b06c26c0a	Gp0324050	200967.assembled.faa	FASTA amino acid sequence	221028307
5bd8a0c146d1e604fecfe45d	Gp0324051	200968.assembled.faa	FASTA amino acid sequence	53437055
5bd541af46d1e64cf8db675f	Gp0324052	200952.assembled.faa	FASTA amino acid sequence	41819602
5bd80c9646d1e604fecfe0b1	Gp0324053	200944.assembled.faa	FASTA amino acid sequence	286575980
5bd3c07446d1e64cf8db5d4d	Gp0324054	200942.assembled.faa	FASTA amino acid sequence	57747952
5bd8100546d1e604fecfe0d6	Gp0324055	200945.assembled.faa	FASTA amino acid sequence	114328083
5bd3c35446d1e64cf8db5d60	Gp0324056	200943.assembled.faa	FASTA amino acid sequence	95662170
5bd8000446d1e604fecfdc9e	Gp0324057	200939.assembled.faa	FASTA amino acid sequence	220388855
5bd3bb7446d1e64cf8db5d20	Gp0324058	200938.assembled.faa	FASTA amino acid sequence	84429776
5bd2f28446d1e64cf8db5708	Gp0324059	200946.assembled.faa	FASTA amino acid sequence	51495246
5bd8050b46d1e604fecfdfc0	Gp0324060	200940.assembled.faa	FASTA amino acid sequence	182917977
5bd2f3f446d1e64cf8db571b	Gp0324061	200947.assembled.faa	FASTA amino acid sequence	34173472
5bd3be8746d1e64cf8db5d3a	Gp0324062	200941.assembled.faa	FASTA amino acid sequence	103385904
5bee92cf46d1e61e989e20ae	Gp0331389	203082.assembled.faa	FASTA amino acid sequence	152702925
5befc37a46d1e61e989e27f7	Gp0331390	203081.assembled.faa	FASTA amino acid sequence	138462977
5beec87546d1e61e989e216c	Gp0331391	203094.assembled.faa	FASTA amino acid sequence	222635619
5bf1265946d1e61e989e2e5b	Gp0331392	203092.assembled.faa	FASTA amino acid sequence	227849884
5bf0f8c746d1e61e989e2dd0	Gp0331393	203093.assembled.faa	FASTA amino acid sequence	189719877
5bf120b146d1e61e989e2e48	Gp0331394	203091.assembled.faa	FASTA amino acid sequence	266750178
5c01406946d1e61e989ea39d	Gp0331395	203834.assembled.faa	FASTA amino acid sequence	110632595
5befee2d46d1e61e989e287c	Gp0331396	203097.assembled.faa	FASTA amino acid sequence	169482954
5c0ac75146d1e64a530fa7e5	Gp0331397	203677.assembled.faa	FASTA amino acid sequence	279843798
5beecc4d46d1e61e989e217f	Gp0331398	203095.assembled.faa	FASTA amino acid sequence	163176028
5bed4bdb46d1e61e989e1c80	Gp0331399	202541.assembled.faa	FASTA amino acid sequence	228937576
5beff24046d1e61e989e288f	Gp0331400	203098.assembled.faa	FASTA amino acid sequence	168920119
5bed586046d1e61e989e1ca8	Gp0331401	202543.assembled.faa	FASTA amino acid sequence	157695080
5bef6cb446d1e61e989e2639	Gp0331402	203096.assembled.faa	FASTA amino acid sequence	235462620
5c0942bf46d1e64a530f8f26	Gp0331403	203833.assembled.faa	FASTA amino acid sequence	109245505
5bed510246d1e61e989e1c93	Gp0331404	202542.assembled.faa	FASTA amino acid sequence	199246031
5bed461446d1e61e989e1c6d	Gp0331405	202540.assembled.faa	FASTA amino acid sequence	187246914
5bf0062346d1e61e989e28c8	Gp0331406	203101.assembled.faa	FASTA amino acid sequence	259633826
5beffffe46d1e61e989e28b5	Gp0331407	203100.assembled.faa	FASTA amino acid sequence	226761270
5c0acdda46d1e64a530fa7f8	Gp0331408	203678.assembled.faa	FASTA amino acid sequence	269844516
5bef52d446d1e61e989e25d7	Gp0331409	203102.assembled.faa	FASTA amino acid sequence	168402121
5beffa2d46d1e61e989e28a2	Gp0331410	203099.assembled.faa	FASTA amino acid sequence	301001351
5be2c8a346d1e66b06c25997	Gp0331411	202114.assembled.faa	FASTA amino acid sequence	189393570
5be2e58b46d1e66b06c259c1	Gp0331412	202113.assembled.faa	FASTA amino acid sequence	248622255
5be2d6e246d1e66b06c259ac	Gp0331413	202112.assembled.faa	FASTA amino acid sequence	213298073
